[www.rethinkbehavioralhealth.com/index.html]
[backblue.gif]
[fade.gif]
[index.html]
[www.rethinkbehavioralhealth.com/wp-content/uploads/2023/02/rethinkbh-hero-wave.svg]
[www.rethinkbehavioralhealth.com/wp-content/cache/min/1/wp-content/themes/hello-elementor/assets/css/themeebbc.css]
[www.rethinkbehavioralhealth.com/wp-content/cache/min/1/wp-content/plugins/jet-menu/integration/themes/hello-elementor/assets/css/styleebbc.css]
[www.rethinkbehavioralhealth.com/wp-content/cache/min/1/wp-content/plugins/jet-engine/assets/css/frontendebbc.css]
[www.rethinkbehavioralhealth.com/feed/index.html]
[www.rethinkbehavioralhealth.com/wp-content/cache/min/1/wp-content/themes/hello-elementor/assets/css/resetebbc.css]
[www.rethinkbehavioralhealth.com/wp-content/cache/min/1/wp-content/themes/hello-elementor/assets/css/header-footerebbc.css]
[www.rethinkbehavioralhealth.com/wp-content/cache/min/1/wp-content/plugins/jet-menu/assets/public/css/publicebbc.css]
[www.rethinkbehavioralhealth.com/comments/feed/index.html]
[www.rethinkbehavioralhealth.com/wp-content/cache/min/1/wp-content/plugins/jet-popup/assets/css/jet-popup-frontendebbc.css]
[www.rethinkbehavioralhealth.com/wp-content/plugins/elementor/assets/css/frontend.min5759.css]
[www.rethinkbehavioralhealth.com/wp-content/plugins/elementor/assets/css/widget-icon-list.min5759.css]
[www.rethinkbehavioralhealth.com/wp-content/plugins/elementor/assets/css/widget-image.min5759.css]
[www.rethinkbehavioralhealth.com/wp-content/plugins/elementor-pro/assets/css/modules/sticky.min5759.css]
[www.rethinkbehavioralhealth.com/wp-content/plugins/elementor-pro/assets/css/modules/motion-fx.min5759.css]
[www.rethinkbehavioralhealth.com/wp-content/plugins/elementor/assets/css/widget-divider.min5759.css]
[www.rethinkbehavioralhealth.com/wp-content/plugins/elementor/assets/css/widget-heading.min5759.css]
[www.rethinkbehavioralhealth.com/wp-content/plugins/elementor/assets/css/widget-spacer.min5759.css]
[www.rethinkbehavioralhealth.com/wp-content/plugins/elementor/assets/css/widget-social-icons.min5759.css]
[www.rethinkbehavioralhealth.com/wp-content/plugins/elementor/assets/css/conditionals/apple-webkit.min5759.css]
[www.rethinkbehavioralhealth.com/wp-content/uploads/elementor/css/custom-jet-blocks31c1.css]
[www.rethinkbehavioralhealth.com/wp-content/cache/min/1/wp-content/plugins/elementor/assets/lib/eicons/css/elementor-icons.mindeef.css]
[www.rethinkbehavioralhealth.com/wp-content/uploads/elementor/css/post-56972.css]
[www.rethinkbehavioralhealth.com/wp-content/cache/min/1/wp-content/plugins/jet-tabs/assets/css/jet-tabs-frontenddeef.css]
[www.rethinkbehavioralhealth.com/wp-content/cache/min/1/wp-content/plugins/elementor/assets/lib/font-awesome/css/all.mindeef.css]
[www.rethinkbehavioralhealth.com/wp-content/plugins/elementor/assets/lib/font-awesome/css/v4-shims.min5759.css]
[www.rethinkbehavioralhealth.com/wp-content/plugins/elementor-pro/assets/css/widget-animated-headline.min5759.css]
[www.rethinkbehavioralhealth.com/wp-content/plugins/elementor/assets/css/widget-icon-box.min5759.css]
[www.rethinkbehavioralhealth.com/wp-content/uploads/elementor/css/post-601d4ce.css]
[www.rethinkbehavioralhealth.com/wp-content/uploads/elementor/css/post-1251d995.css]
[www.rethinkbehavioralhealth.com/wp-content/uploads/elementor/css/post-11166d995.css]
[www.rethinkbehavioralhealth.com/wp-content/uploads/elementor/css/post-609d995.css]
[www.rethinkbehavioralhealth.com/wp-content/uploads/elementor/css/post-831d995.css]
[www.rethinkbehavioralhealth.com/wp-content/cache/min/1/wp-content/uploads/elementor/google-fonts/css/opensansdeef.css]
[www.rethinkbehavioralhealth.com/wp-content/plugins/elementor/assets/lib/font-awesome/css/fontawesome.min52d5.css]
[www.rethinkbehavioralhealth.com/wp-content/cache/min/1/wp-content/plugins/elementor/assets/lib/font-awesome/css/regular.mindeef.css]
[www.rethinkbehavioralhealth.com/wp-content/cache/min/1/wp-content/plugins/elementor/assets/lib/font-awesome/css/solid.mindeef.css]
[www.rethinkbehavioralhealth.com/wp-content/cache/min/1/wp-content/plugins/elementor/assets/lib/font-awesome/css/brands.mindeef.css]
[www.rethinkbehavioralhealth.com/wp-content/plugins/webtoffee-cookie-consent/lite/frontend/js/script.mincd45.js]
[www.rethinkbehavioralhealth.com/wp-content/plugins/webtoffee-cookie-consent/lite/frontend/js/gcm.mincd45.js]
[www.rethinkbehavioralhealth.com/wp-includes/js/jquery/jquery.minf43b.js]
[www.rethinkbehavioralhealth.com/wp-includes/js/jquery/jquery-migrate.min5589.js]
[www.rethinkbehavioralhealth.com/wp-content/plugins/elementor/assets/lib/font-awesome/js/v4-shims.min5759.js]
[www.rethinkbehavioralhealth.com/wp-json/index.html]
[www.rethinkbehavioralhealth.com/wp-json/wp/v2/pages/601.json]
[www.rethinkbehavioralhealth.com/xmlrpc0db0.php]
[www.rethinkbehavioralhealth.com/wp-json/oembed/1.0/embed6095.json]
[www.rethinkbehavioralhealth.com/wp-json/oembed/1.0/embed1935]
[www.rethinkbehavioralhealth.com/apple-touch-icon.png]
[www.rethinkbehavioralhealth.com/favicon-32x32.png]
[www.rethinkbehavioralhealth.com/favicon-16x16.png]
[www.rethinkbehavioralhealth.com/site.webmanifest]
[cdn.userway.org/widget.js]
[js.hsforms.net/forms/embed/v2.js]
[www.rethinkbehavioralhealth.com/wp-content/uploads/2022/04/rethinkbh-favicon.svg]
[www.rethinkbehavioralhealth.com/wp-content/cache/min/1/29004169199.js]
[www.rethinkbehavioralhealth.com/wp-content/uploads/2022/02/logo-rethinkbh-tagline.svg]
[www.rethinkbehavioralhealth.com/wp-content/uploads/2023/05/driving-clinical-outcomes-operational-efficiency.jpg]
[www.rethinkbehavioralhealth.com/support/index.html]
[www.rethinkbehavioralhealth.com/wp-content/uploads/2023/05/medtech-breakthrough-award-2023-best-healthcare-big-data-solution.png]
[www.rethinkbehavioralhealth.com/our-solutions/index.html]
[www.rethinkbehavioralhealth.com/our-solutions/rethinkbh-billing/index.html]
[www.rethinkbehavioralhealth.com/our-solutions/analytics/index.html]
[www.rethinkbehavioralhealth.com/our-solutions/session-note-ai/index.html]
[www.rethinkbehavioralhealth.com/our-solutions/aba-billing-services/index.html]
[www.rethinkbehavioralhealth.com/wp-content/uploads/2022/12/capterra-shortlist-2022-rethinkbh.png]
[www.rethinkbehavioralhealth.com/our-solutions/therapy-billing-software/index.html]
[www.rethinkbehavioralhealth.com/our-solutions/aba-data-collection/index.html]
[www.rethinkbehavioralhealth.com/wp-content/uploads/2023/01/TMT-fast500-2022-logo-header-black.png]
[www.rethinkbehavioralhealth.com/our-solutions/marketplace/index.html]
[www.rethinkbehavioralhealth.com/our-solutions/medical-necessity-assessment/index.html]
[www.rethinkbehavioralhealth.com/wp-content/uploads/2022/12/getapp-category-leaders-2022-rethinkbh.png]
[www.rethinkbehavioralhealth.com/our-solutions/practice-management/index.html]
[www.rethinkbehavioralhealth.com/wp-content/uploads/2022/12/software-advice-front-runners-2022-rethinkbh.png]
[www.rethinkbehavioralhealth.com/our-solutions/aba-scheduling/index.html]
[www.rethinkbehavioralhealth.com/our-solutions/training/index.html]
[www.rethinkbehavioralhealth.com/wp-content/uploads/2023/05/inc-5000-americas-fastest-growing-private-companies.png]
[www.rethinkbehavioralhealth.com/start-up-aba/index.html]
[www.rethinkbehavioralhealth.com/wp-content/uploads/2025/07/carolyn-volpe-ms-bcba-lba-co-owner-accelerate-aba.jpg]
[www.rethinkbehavioralhealth.com/wp-content/uploads/2023/03/accelerate-aba-logo.jpg]
[www.rethinkbehavioralhealth.com/scaling-practices/index.html]
[www.rethinkbehavioralhealth.com/wp-content/uploads/2022/02/icon-quote-purple.svg]
[www.rethinkbehavioralhealth.com/wp-content/uploads/2025/06/aba-practice-management.jpg]
[www.rethinkbehavioralhealth.com/wp-content/uploads/2024/12/achieving-insight-driven-clinical-outcomes-efficiency.jpg]
[www.rethinkbehavioralhealth.com/wp-content/uploads/2024/10/power-parent-advocacy-how-bcbas-can-help-families-thrive.jpg]
[www.rethinkbehavioralhealth.com/wp-content/uploads/2024/09/making-case-for-diversity-aba.jpg]
[www.rethinkbehavioralhealth.com/enterprise-practices/index.html]
[www.rethinkbehavioralhealth.com/wp-content/uploads/2023/09/mark-logo.svg]
[cdn.leandata.com/js-snippet/ld-book-v2.js]
[www.rethinkbehavioralhealth.com/resources/index.html]
[www.zerobounce.net/widget/ZeroBounceHubSpotValidationWidget.js]
[www.rethinkbehavioralhealth.com/wp-content/uploads/2022/02/logo-rethinkbh-tagline-white.svg]
[www.rethinkbehavioralhealth.com/news-events/index.html]
[www.rethinkbehavioralhealth.com/about/index.html]
[www.rethinkbehavioralhealth.com/team/index.html]
[www.rethinkbehavioralhealth.com/wp-content/uploads/2023/01/deloitte-technology-fast-500-2022-north-america-rethink.png]
[www.rethinkbehavioralhealth.com/request-a-demo/index.html]
[www.rethinkbehavioralhealth.com/wp-content/uploads/2022/02/Inc5000-americas-fastest-growing-private-companies.png]
[www.rethinkbehavioralhealth.com/resources/aba-practice-management/index.html]
[www.rethinkbehavioralhealth.com/wp-content/uploads/2022/12/casp-council-autism-service-providers-business-affiliate-logo.webp]
[www.rethinkbehavioralhealth.com/resources/achieving-insight-driven-clinical-outcomes-efficiency/index.html]
[www.rethinkbehavioralhealth.com/wp-content/uploads/elementor/css/post-6360d995.css]
[www.rethinkbehavioralhealth.com/wp-content/uploads/elementor/css/post-16878d995.css]
[www.rethinkbehavioralhealth.com/wp-content/uploads/elementor/css/post-16882d995.css]
[www.rethinkbehavioralhealth.com/resources/power-parent-advocacy/index.html]
[www.rethinkbehavioralhealth.com/wp-content/cache/min/1/wp-content/plugins/jet-elements/assets/css/jet-elementsdeef.css]
[www.rethinkbehavioralhealth.com/wp-content/cache/min/1/wp-content/themes/elementor-child-theme/script9199.js]
[www.rethinkbehavioralhealth.com/wp-includes/js/dist/hooks.min4fdd.js]
[www.rethinkbehavioralhealth.com/wp-content/plugins/jet-menu/assets/public/lib/vue/vue.mina117.js]
[www.rethinkbehavioralhealth.com/wp-content/cache/min/1/wp-content/plugins/jet-menu/assets/public/js/jet-menu-public-scripts9199.js]
[www.rethinkbehavioralhealth.com/wp-content/cache/min/1/wp-content/plugins/jet-engine/assets/lib/jet-plugins/jet-plugins9199.js]
[www.rethinkbehavioralhealth.com/wp-content/plugins/jet-elements/assets/js/lib/anime-js/anime.min3601.js]
[www.rethinkbehavioralhealth.com/wp-content/cache/min/1/wp-content/plugins/jet-popup/assets/js/jet-popup-frontend9199.js]
[www.rethinkbehavioralhealth.com/contact/index.html]
[www.rethinkbehavioralhealth.com/wp-content/plugins/elementor/assets/js/webpack.runtime.min5759.js]
[www.rethinkbehavioralhealth.com/resources/making-case-for-diversity-aba/index.html]
[www.rethinkbehavioralhealth.com/wp-content/plugins/elementor/assets/js/frontend-modules.min5759.js]
[www.rethinkbehavioralhealth.com/wp-includes/js/jquery/ui/core.minb37e.js]
[www.rethinkbehavioralhealth.com/wp-content/plugins/elementor/assets/js/frontend.min5759.js]
[www.rethinkbehavioralhealth.com/wp-content/plugins/elementor-pro/assets/lib/sticky/jquery.sticky.min5759.js]
[www.rethinkbehavioralhealth.com/privacy-notice/index.html]
[www.rethinkbehavioralhealth.com/wp-content/cache/min/1/wp-content/plugins/page-links-to/dist/new-tab9199.js]
[www.rethinkbehavioralhealth.com/wp-content/cache/min/1/wp-content/plugins/jet-engine/assets/js/frontend9199.js]
[www.rethinkbehavioralhealth.com/wp-content/plugins/elementor-pro/assets/js/webpack-pro.runtime.min5759.js]
[www.rethinkbehavioralhealth.com/wp-includes/js/dist/i18n.minc33c.js]
[www.rethinkbehavioralhealth.com/terms/index.html]
[www.rethinkbehavioralhealth.com/wp-content/plugins/elementor-pro/assets/js/frontend.min5759.js]
[www.rethinkbehavioralhealth.com/wp-content/plugins/elementor-pro/assets/js/elements-handlers.min5759.js]
[www.rethinkbehavioralhealth.com/wp-content/plugins/jet-blocks/assets/js/jet-blocks.min31c1.js]
[www.rethinkbehavioralhealth.com/wp-content/plugins/jet-elements/assets/js/jet-elements.minbb9d.js]
[www.rethinkbehavioralhealth.com/wp-content/cache/min/1/wp-content/plugins/jet-menu/includes/elementor/assets/public/js/widgets-scripts9199.js]
[www.rethinkbehavioralhealth.com/wp-content/cache/min/1/wp-content/plugins/jet-popup/includes/elementor/assets/js/jet-popup-elementor-frontend9199.js]
[www.rethinkbehavioralhealth.com/wp-content/plugins/jet-tabs/assets/js/jet-tabs-frontend.min8ce6.js]
[www.rethinkbehavioralhealth.com/index.html]
[www.rethinkbehavioralhealth.com/wp-content/uploads/2023/02/rethinkbh-hero-wave.svg]
[www.rethinkbehavioralhealth.com/wp-content/cache/min/1/wp-content/themes/hello-elementor/assets/css/themeebbc.css]
[www.rethinkbehavioralhealth.com/wp-content/cache/min/1/wp-content/plugins/jet-menu/integration/themes/hello-elementor/assets/css/styleebbc.css]
[www.rethinkbehavioralhealth.com/wp-content/cache/min/1/wp-content/plugins/jet-engine/assets/css/frontendebbc.css]
[www.rethinkbehavioralhealth.com/wp-content/cache/min/1/wp-content/themes/hello-elementor/assets/css/resetebbc.css]
[www.rethinkbehavioralhealth.com/wp-content/cache/min/1/wp-content/themes/hello-elementor/assets/css/header-footerebbc.css]
[www.rethinkbehavioralhealth.com/wp-content/cache/min/1/wp-content/plugins/jet-menu/assets/public/css/publicebbc.css]
[www.rethinkbehavioralhealth.com/wp-content/plugins/wp-rocket/assets/js/lazyload/17.8.3/lazyload.min.js]
[www.rethinkbehavioralhealth.com/wp-content/plugins/jet-popup/assets/image/transparent.jpg]
[www.rethinkbehavioralhealth.com/wp-content/cache/min/1/wp-content/plugins/jet-popup/assets/css/jet-popup-frontendebbc.css]
[www.rethinkbehavioralhealth.com/wp-content/plugins/elementor/assets/css/frontend.min5759.css]
[www.rethinkbehavioralhealth.com/wp-content/plugins/elementor/assets/css/widget-icon-list.min5759.css]
[www.rethinkbehavioralhealth.com/wp-content/plugins/elementor/assets/css/widget-image.min5759.css]
[www.rethinkbehavioralhealth.com/wp-content/plugins/elementor-pro/assets/css/modules/sticky.min5759.css]
[www.rethinkbehavioralhealth.com/wp-content/plugins/elementor-pro/assets/css/modules/motion-fx.min5759.css]
[www.rethinkbehavioralhealth.com/wp-content/plugins/elementor/assets/css/widget-divider.min5759.css]
[www.rethinkbehavioralhealth.com/wp-content/plugins/elementor/assets/css/widget-heading.min5759.css]
[www.rethinkbehavioralhealth.com/wp-content/plugins/elementor/assets/css/widget-spacer.min5759.css]
[www.rethinkbehavioralhealth.com/wp-content/plugins/elementor/assets/css/widget-social-icons.min5759.css]
[www.rethinkbehavioralhealth.com/wp-content/plugins/elementor/assets/css/conditionals/apple-webkit.min5759.css]
[www.rethinkbehavioralhealth.com/wp-content/uploads/elementor/css/custom-jet-blocks31c1.css]
[www.rethinkbehavioralhealth.com/wp-content/plugins/elementor/assets/lib/eicons/fonts/eicons7241.eot]
[www.rethinkbehavioralhealth.com/wp-content/plugins/elementor/assets/lib/eicons/fonts/eicons7241.woff2]
[www.rethinkbehavioralhealth.com/wp-content/plugins/elementor/assets/lib/eicons/fonts/eicons7241.woff]
[www.rethinkbehavioralhealth.com/wp-content/plugins/elementor/assets/lib/eicons/fonts/eicons7241.ttf]
[www.rethinkbehavioralhealth.com/wp-content/cache/min/1/wp-content/plugins/elementor/assets/lib/eicons/css/elementor-icons.mindeef.css]
[www.rethinkbehavioralhealth.com/wp-content/uploads/elementor/css/post-56972.css]
[www.rethinkbehavioralhealth.com/wp-content/plugins/elementor/assets/lib/eicons/fonts/eicons7241.svg]
[www.rethinkbehavioralhealth.com/wp-content/cache/min/1/wp-content/plugins/jet-tabs/assets/css/jet-tabs-frontenddeef.css]
[www.rethinkbehavioralhealth.com/wp-content/plugins/jet-tabs/assets/images/spinner-32.svg]
[www.rethinkbehavioralhealth.com/wp-content/plugins/elementor/assets/lib/font-awesome/webfonts/fa-brands-400.eot]
[www.rethinkbehavioralhealth.com/wp-content/plugins/elementor/assets/lib/font-awesome/webfonts/fa-brands-400d41d.eot]
[www.rethinkbehavioralhealth.com/wp-content/plugins/elementor/assets/lib/font-awesome/webfonts/fa-brands-400.woff2]
[www.rethinkbehavioralhealth.com/wp-content/plugins/elementor/assets/lib/font-awesome/webfonts/fa-brands-400.woff]
[www.rethinkbehavioralhealth.com/wp-content/plugins/elementor/assets/lib/font-awesome/webfonts/fa-brands-400.ttf]
[www.rethinkbehavioralhealth.com/wp-content/plugins/elementor/assets/lib/font-awesome/webfonts/fa-brands-400.svg]
[www.rethinkbehavioralhealth.com/wp-content/plugins/elementor/assets/lib/font-awesome/webfonts/fa-regular-400.eot]
[www.rethinkbehavioralhealth.com/wp-content/plugins/elementor/assets/lib/font-awesome/webfonts/fa-regular-400d41d.eot]
[www.rethinkbehavioralhealth.com/wp-content/plugins/elementor/assets/lib/font-awesome/webfonts/fa-regular-400.woff2]
[www.rethinkbehavioralhealth.com/wp-content/plugins/elementor/assets/lib/font-awesome/webfonts/fa-regular-400.woff]
[www.rethinkbehavioralhealth.com/wp-content/plugins/elementor/assets/lib/font-awesome/webfonts/fa-regular-400.ttf]
[www.rethinkbehavioralhealth.com/wp-content/plugins/elementor/assets/lib/font-awesome/webfonts/fa-regular-400.svg]
[www.rethinkbehavioralhealth.com/wp-content/plugins/elementor/assets/lib/font-awesome/webfonts/fa-solid-900.eot]
[www.rethinkbehavioralhealth.com/wp-content/plugins/elementor/assets/lib/font-awesome/webfonts/fa-solid-900d41d.eot]
[www.rethinkbehavioralhealth.com/wp-content/plugins/elementor/assets/lib/font-awesome/webfonts/fa-solid-900.woff2]
[www.rethinkbehavioralhealth.com/wp-content/plugins/elementor/assets/lib/font-awesome/webfonts/fa-solid-900.woff]
[www.rethinkbehavioralhealth.com/wp-content/plugins/elementor/assets/lib/font-awesome/webfonts/fa-solid-900.ttf]
[www.rethinkbehavioralhealth.com/wp-content/cache/min/1/wp-content/plugins/elementor/assets/lib/font-awesome/css/all.mindeef.css]
[www.rethinkbehavioralhealth.com/wp-content/plugins/elementor/assets/lib/font-awesome/css/v4-shims.min5759.css]
[www.rethinkbehavioralhealth.com/wp-content/plugins/elementor-pro/assets/css/widget-animated-headline.min5759.css]
[www.rethinkbehavioralhealth.com/wp-content/plugins/elementor/assets/css/widget-icon-box.min5759.css]
[www.rethinkbehavioralhealth.com/wp-content/plugins/elementor/assets/lib/font-awesome/webfonts/fa-solid-900.svg]
[www.rethinkbehavioralhealth.com/wp-content/uploads/elementor/css/post-601d4ce.css]
[www.rethinkbehavioralhealth.com/wp-content/uploads/elementor/css/post-1251d995.css]
[www.rethinkbehavioralhealth.com/wp-content/uploads/elementor/css/post-11166d995.css]
[www.rethinkbehavioralhealth.com/wp-content/uploads/elementor/css/post-609d995.css]
[www.rethinkbehavioralhealth.com/wp-content/uploads/elementor/css/post-831d995.css]
[www.rethinkbehavioralhealth.com/wp-content/plugins/elementor/assets/mask-shapes/circle.svg]
[www.rethinkbehavioralhealth.com/wp-content/uploads/elementor/google-fonts/fonts/opensans-memtyags126mizpba-ufuicvxscekx2cmqvxlwqwte6f15m.woff2]
[www.rethinkbehavioralhealth.com/wp-content/cache/min/1/wp-content/uploads/elementor/google-fonts/css/opensansdeef.css]
[www.rethinkbehavioralhealth.com/wp-content/plugins/elementor/assets/lib/font-awesome/css/fontawesome.min52d5.css]
[www.rethinkbehavioralhealth.com/wp-content/cache/min/1/wp-content/plugins/elementor/assets/lib/font-awesome/css/regular.mindeef.css]
[www.rethinkbehavioralhealth.com/wp-content/cache/min/1/wp-content/plugins/elementor/assets/lib/font-awesome/css/solid.mindeef.css]
[www.rethinkbehavioralhealth.com/wp-content/cache/min/1/wp-content/plugins/elementor/assets/lib/font-awesome/css/brands.mindeef.css]
[www.rethinkbehavioralhealth.com/xmlrpc0db0.html]
[www.googletagmanager.com/gtm5445.html]
[www.rethinkbehavioralhealth.com/wp-content/uploads/2022/04/rethinkbh-favicon.svg]
[www.rethinkbehavioralhealth.com/wp-content/uploads/2023/02/rethinkbh-hero-wave-2.svg]
[www.rethinkbehavioralhealth.com/wp-content/uploads/elementor/css/post-8583f862.css]
[www.rethinkbehavioralhealth.com/wp-json/wp/v2/pages/8583.json]
[www.rethinkbehavioralhealth.com/wp-json/oembed/1.0/embed26d3.json]
[www.rethinkbehavioralhealth.com/wp-json/oembed/1.0/embed74cb]
[www.rethinkbehavioralhealth.com/wp-content/uploads/2022/02/icon-ask.svg]
[www.rethinkbehavioralhealth.com/wp-content/uploads/2022/02/icon-faqs.svg]
[www.rethinkbehavioralhealth.com/wp-content/uploads/2022/02/icon-call.svg]
[www.rethinkbehavioralhealth.com/wp-content/uploads/2024/03/icon-open-training-rethinkbh.svg]
[www.rethinkbehavioralhealth.com/wp-content/uploads/2022/03/customer-support-1.png]
[www.rethinkbehavioralhealth.com/wp-content/uploads/2024/03/hitrust-csf-certified-rethink.png]
[www.rethinkbehavioralhealth.com/wp-content/uploads/2022/04/hipaa.png]
[www.rethinkbehavioralhealth.com/wp-content/uploads/2022/04/cobit-1.png]
[www.rethinkbehavioralhealth.com/wp-content/uploads/2022/04/ISO.png]
[www.rethinkbehavioralhealth.com/wp-content/uploads/2022/04/NCSP-cert.png]
[www.rethinkbehavioralhealth.com/wp-content/uploads/2022/04/PCI-1.png]
[www.rethinkbehavioralhealth.com/support/index.html]
[www.rethinkbehavioralhealth.com/wp-content/uploads/2022/02/logo-rethinkbh-tagline.svg]
[www.rethinkbehavioralhealth.com/wp-content/cache/min/1/ESWRethinkBHWebChat1700150134750/assets/js/bootstrap.min231d.js]
[www.rethinkbehavioralhealth.com/wp-content/plugins/elementor/assets/css/widget-toggle.min5759.css]
[www.rethinkbehavioralhealth.com/wp-content/uploads/elementor/css/post-1121d694.css]
[www.rethinkbehavioralhealth.com/wp-json/wp/v2/pages/1121.json]
[www.rethinkbehavioralhealth.com/wp-json/oembed/1.0/embed2867.json]
[www.rethinkbehavioralhealth.com/wp-json/oembed/1.0/embed5112]
[www.rethinkbehavioralhealth.com/wp-content/uploads/2023/05/practice-management-software-aba-therapy-providers.jpg]
[www.rethinkbehavioralhealth.com/our-solutions/index.html]
[www.rethinkbehavioralhealth.com/wp-content/plugins/elementor/assets/css/widget-image-box.min5759.css]
[www.rethinkbehavioralhealth.com/wp-content/uploads/elementor/css/post-2385660e6.css]
[www.rethinkbehavioralhealth.com/wp-json/wp/v2/pages/23856.json]
[www.rethinkbehavioralhealth.com/wp-json/oembed/1.0/embedcc0e.json]
[www.rethinkbehavioralhealth.com/wp-json/oembed/1.0/embedf96d]
[www.rethinkbehavioralhealth.com/wp-content/uploads/2025/08/rethinkbh-billing.jpg]
[www.rethinkbehavioralhealth.com/wp-content/uploads/2025/08/smarter-billing-faster-payments.jpg]
[www.rethinkbehavioralhealth.com/wp-content/uploads/2025/08/cash-flow-without-chaos.png]
[www.rethinkbehavioralhealth.com/wp-content/uploads/2025/08/confidence-in-every-claim.png]
[www.rethinkbehavioralhealth.com/wp-content/uploads/2023/01/leveraging-practice-management-technology-free-guide-aba-therapy-practice-owners.jpg]
[www.rethinkbehavioralhealth.com/wp-content/uploads/2018/06/medical-record-documentation-requirements-who-what-when-where-why-how.jpg]
[www.rethinkbehavioralhealth.com/our-solutions/rethinkbh-billing/index.html]
[www.rethinkbehavioralhealth.com/resources/documentation-requirements-the-who-what-when-where-why-and-how-of-a-medical-record/index.html]
[www.rethinkbehavioralhealth.com/wp-content/uploads/elementor/css/post-2360560e6.css]
[www.rethinkbehavioralhealth.com/resources/leveraging-practice-management-technology/index.html]
[www.rethinkbehavioralhealth.com/wp-json/wp/v2/pages/23605.json]
[www.rethinkbehavioralhealth.com/wp-json/oembed/1.0/embed549d.json]
[www.rethinkbehavioralhealth.com/wp-json/oembed/1.0/embedc0c2]
[www.rethinkbehavioralhealth.com/wp-content/uploads/2025/08/session-note-ai-rethinkbh.jpg]
[www.rethinkbehavioralhealth.com/wp-content/uploads/2025/08/session-note-ai-do-more-stress-less-rethinkbh.png]
[www.rethinkbehavioralhealth.com/wp-content/uploads/2025/08/session-note-ai-faster-summaries-full-contro-lrethinkbh.png]
[www.rethinkbehavioralhealth.com/wp-content/uploads/2025/08/built-in-transparency-security-privacy-session-note-ai-rethinkbh.jpg]
[www.rethinkbehavioralhealth.com/wp-content/uploads/2025/08/kids-choice-therapy-play-center.webp]
[www.rethinkbehavioralhealth.com/our-solutions/session-note-ai/index.html]
[www.rethinkbehavioralhealth.com/wp-content/plugins/jet-engine/assets/lib/slick/slick.minc245.js]
[www.rethinkbehavioralhealth.com/wp-content/uploads/elementor/css/post-1546560e6.css]
[www.rethinkbehavioralhealth.com/wp-json/wp/v2/pages/15465.json]
[www.rethinkbehavioralhealth.com/wp-json/oembed/1.0/embedf724.json]
[www.rethinkbehavioralhealth.com/wp-json/oembed/1.0/embed9793]
[www.rethinkbehavioralhealth.com/wp-content/uploads/2024/08/rethink-analytics-rethinkbh.jpg]
[www.rethinkbehavioralhealth.com/wp-content/uploads/2024/08/analytics-for-aba-providers.jpg]
[www.rethinkbehavioralhealth.com/wp-content/uploads/2024/08/clinical-insights-rethink-analytics.jpg]
[www.rethinkbehavioralhealth.com/wp-content/uploads/2024/08/practice-insights-rethink-analytics.jpg]
[www.rethinkbehavioralhealth.com/wp-content/uploads/2022/01/growing-resilience-to-manage-compassion-fatigue-healthcare-rethinkbh-webinar.png]
[www.rethinkbehavioralhealth.com/wp-content/uploads/2021/05/key-employment-issues-every-aba-provider-should-know.png]
[www.rethinkbehavioralhealth.com/wp-content/uploads/2021/04/aba-business-insurance-overview-how-insurance-carriers-view-aba-businesses-webinar-rethinkbh.png]
[www.rethinkbehavioralhealth.com/our-solutions/analytics/index.html]
[www.rethinkbehavioralhealth.com/resources/key-employment-issues-every-aba-provider-should-know-about/index.html]
[www.rethinkbehavioralhealth.com/resources/growing-resilience-to-manage-compassion-fatigue-in-healthcare/index.html]
[www.rethinkbehavioralhealth.com/wp-content/uploads/elementor/css/post-10766f24a.css]
[www.rethinkbehavioralhealth.com/wp-json/wp/v2/pages/10766.json]
[www.rethinkbehavioralhealth.com/resources/aba-business-insurance-overview-how-insurance-carriers-view-aba-businesses-how-to-mitigate-risk/index.html]
[www.rethinkbehavioralhealth.com/wp-json/oembed/1.0/embedd8fb.json]
[www.rethinkbehavioralhealth.com/wp-json/oembed/1.0/embed3a56]
[www.rethinkbehavioralhealth.com/wp-content/uploads/2023/02/aba-therapy-billing-insurance-services.jpg]
[www.rethinkbehavioralhealth.com/wp-content/uploads/2023/05/enrollment-credentialing-aba-therapy-billing-services.jpg]
[www.rethinkbehavioralhealth.com/wp-content/uploads/2023/04/speech-occupational-physical-aba-therapy-billing.jpg]
[js.hsforms.net/forms/embed/2900416.js]
[www.rethinkbehavioralhealth.com/wp-content/uploads/elementor/css/post-15322ffab.css]
[www.rethinkbehavioralhealth.com/our-solutions/aba-billing-services/index.html]
[www.rethinkbehavioralhealth.com/wp-content/plugins/wp-rocket/assets/js/wpr-beacon.min.js]
[www.rethinkbehavioralhealth.com/wp-content/uploads/elementor/css/post-1076004c1.css]
[www.rethinkbehavioralhealth.com/wp-json/wp/v2/pages/10760.json]
[www.rethinkbehavioralhealth.com/wp-json/oembed/1.0/embed2232.json]
[www.rethinkbehavioralhealth.com/wp-json/oembed/1.0/embede4bf]
[www.rethinkbehavioralhealth.com/wp-content/uploads/2023/04/easy-intuitive-aba-therapy-billing-software.jpg]
[www.rethinkbehavioralhealth.com/wp-content/uploads/2023/06/How-to-Use-Rethink-to-Plan-Effective-Summer-ABA-Programs-Blog-Header.jpg]
[www.rethinkbehavioralhealth.com/our-solutions/therapy-billing-software/index.html]
[www.rethinkbehavioralhealth.com/resources/how-to-use-rethink-behavioral-healths-platform-to-plan-effective-summer-aba-programs/index.html]
[www.rethinkbehavioralhealth.com/wp-content/uploads/elementor/css/post-1252ead4.css]
[www.rethinkbehavioralhealth.com/wp-json/wp/v2/pages/1252.json]
[www.rethinkbehavioralhealth.com/wp-json/oembed/1.0/embed02c5.json]
[www.rethinkbehavioralhealth.com/wp-json/oembed/1.0/embed427a]
[www.rethinkbehavioralhealth.com/wp-content/uploads/2023/10/aba-data-collection.jpg]
[www.rethinkbehavioralhealth.com/wp-content/uploads/2023/08/rethinkbh-product-monitor-phone.png]
[www.rethinkbehavioralhealth.com/wp-content/uploads/2023/10/treatment-planning-library.jpg]
[www.rethinkbehavioralhealth.com/wp-content/uploads/2023/10/behavioral-health-data-collection-mobile-app-rethinkbh.jpg]
[www.rethinkbehavioralhealth.com/wp-content/uploads/2023/04/abs-kids-reaching-milestones-realizing-potential-rethinkbh.png]
[www.rethinkbehavioralhealth.com/wp-content/uploads/2021/04/determining-medical-necessity-how-evidence-based-protocols-can-support-proper-dosage-clinical-outcomes.png]
[www.rethinkbehavioralhealth.com/wp-content/uploads/2022/04/Ways-to-Reduce-BCBARBT-Turnover-Retention.jpg]
[www.rethinkbehavioralhealth.com/resources/ways-to-reduce-bcba-rbt-turnover-retention/index.html]
[www.rethinkbehavioralhealth.com/wp-content/uploads/2023/02/rethinkbh-webinar-ethics-supervision-discussing-section-4-0-responsibility-supervisees-trainees.png]
[www.rethinkbehavioralhealth.com/our-solutions/aba-data-collection/index.html]
[www.rethinkbehavioralhealth.com/resources/determining-medical-necessity-how-evidenced-based-protocols-can-support-proper-dosage-and-clinical-outcomes/index.html]
[www.rethinkbehavioralhealth.com/resources/ethics-supervision-discussing-section-4-0-responsibility-supervisees-trainees/index.html]
[www.rethinkbehavioralhealth.com/wp-content/uploads/elementor/css/post-20239b5ed.css]
[www.rethinkbehavioralhealth.com/wp-json/wp/v2/pages/20239.json]
[www.rethinkbehavioralhealth.com/wp-json/oembed/1.0/embed184d.json]
[www.rethinkbehavioralhealth.com/wp-json/oembed/1.0/embed2789]
[www.rethinkbehavioralhealth.com/wp-content/uploads/2024/05/marketplace-rethinkbh.jpg]
[www.rethinkbehavioralhealth.com/wp-content/uploads/2024/06/autism-analytica-rethinkbh-marketplace-assessment-software.png]
[www.rethinkbehavioralhealth.com/wp-content/uploads/2024/11/essential-for-living-rethinkbh-integration-solution.png]
[www.rethinkbehavioralhealth.com/wp-content/uploads/2024/06/salesforce-rethinkbh-marketplace-crm-software.png]
[www.rethinkbehavioralhealth.com/wp-content/uploads/2024/06/power-bi-rethinkbh-marketplace-data-visualization-software.png]
[www.rethinkbehavioralhealth.com/wp-content/uploads/2024/06/attend-behavior-rethinkbh-marketplace-parent-training.png]
[www.rethinkbehavioralhealth.com/wp-content/uploads/2024/06/tebra-rethinkbh-marketplace-ehr-software.png]
[www.rethinkbehavioralhealth.com/wp-content/uploads/2024/11/brellium-rethinkbh-integration-solution.png]
[www.rethinkbehavioralhealth.com/our-solutions/marketplace/index.html]
[www.rethinkbehavioralhealth.com/wp-content/plugins/elementor/assets/css/widget-counter.min5759.css]
[www.rethinkbehavioralhealth.com/wp-content/uploads/elementor/css/post-153129e8f.css]
[www.rethinkbehavioralhealth.com/wp-json/wp/v2/pages/15312.json]
[www.rethinkbehavioralhealth.com/wp-json/oembed/1.0/embedaad6.json]
[www.rethinkbehavioralhealth.com/wp-json/oembed/1.0/embedd9da]
[www.rethinkbehavioralhealth.com/wp-content/uploads/2023/04/medical-necessity-assessment.jpg]
[www.rethinkbehavioralhealth.com/wp-content/uploads/2024/06/leverage-ai-enhance-your-clinical-decision-making-process-rethinkbh-mna.png]
[www.rethinkbehavioralhealth.com/wp-content/uploads/2023/06/aba-therapy-written-on-paper.jpg]
[www.rethinkbehavioralhealth.com/resources/aba-service-models-parents-communication-rethink-mna/index.html]
[www.rethinkbehavioralhealth.com/wp-content/uploads/2022/04/MNA-Blog-and-Article.jpg]
[www.rethinkbehavioralhealth.com/resources/medical-necessity-assessment-tools-for-behavioral-health/index.html]
[www.rethinkbehavioralhealth.com/wp-content/uploads/2019/10/rethinkbh-webinar-best-practices-determining-medical-necessity-autism-aba-treatment.png]
[www.rethinkbehavioralhealth.com/our-solutions/medical-necessity-assessment/index.html]
[www.rethinkbehavioralhealth.com/wp-content/plugins/elementor/assets/lib/jquery-numerator/jquery-numerator.min3958.js]
[www.rethinkbehavioralhealth.com/resources/best-practices-for-determining-medical-necessity-in-autism-aba-treatment/index.html]
[www.rethinkbehavioralhealth.com/wp-content/uploads/elementor/css/post-8485b859.css]
[www.rethinkbehavioralhealth.com/wp-json/wp/v2/pages/8485.json]
[www.rethinkbehavioralhealth.com/wp-json/oembed/1.0/embed346b.json]
[www.rethinkbehavioralhealth.com/wp-json/oembed/1.0/embed90ba]
[www.rethinkbehavioralhealth.com/wp-content/uploads/2023/04/practice-management-aba-providers-rethinkbh.jpg]
[www.rethinkbehavioralhealth.com/our-solutions/practice-management/index.html]
[www.rethinkbehavioralhealth.com/wp-content/uploads/elementor/css/post-111579e8f.css]
[www.rethinkbehavioralhealth.com/wp-json/wp/v2/pages/11157.json]
[www.rethinkbehavioralhealth.com/wp-json/oembed/1.0/embed7b31.json]
[www.rethinkbehavioralhealth.com/wp-json/oembed/1.0/embed6cc0]
[www.rethinkbehavioralhealth.com/wp-content/uploads/2023/07/female-in-glasses-scheduling-an-appointment-.jpg]
[www.rethinkbehavioralhealth.com/wp-content/uploads/2023/08/rethink-platform-desktop-view.png]
[www.rethinkbehavioralhealth.com/wp-content/uploads/2023/08/rethinkbh-scheduling-tool-mobile.png]
[www.rethinkbehavioralhealth.com/wp-content/uploads/2023/01/5-benefits-using-aba-practice-management-software.jpg]
[www.rethinkbehavioralhealth.com/our-solutions/aba-scheduling/index.html]
[www.rethinkbehavioralhealth.com/resources/5-benefits-using-aba-practice-management-software/index.html]
[www.rethinkbehavioralhealth.com/wp-content/uploads/elementor/css/post-8486707e.css]
[www.rethinkbehavioralhealth.com/wp-json/wp/v2/pages/8486.json]
[www.rethinkbehavioralhealth.com/wp-json/oembed/1.0/embede792.json]
[www.rethinkbehavioralhealth.com/wp-json/oembed/1.0/embeda01c]
[www.rethinkbehavioralhealth.com/wp-content/uploads/2023/03/video-based-registered-behavior-technician-rbt-training-rethinkbh.jpg]
[www.rethinkbehavioralhealth.com/wp-content/uploads/2024/06/flexible-learning-proven-results-rbt-video-training-rethinkbh.jpg]
[www.rethinkbehavioralhealth.com/wp-content/uploads/2023/10/video-based-rbt-training-bcba.jpg]
[www.rethinkbehavioralhealth.com/wp-content/uploads/2023/09/real-time-monitoring-performance-insights-rethinkbh-training.jpg]
[www.rethinkbehavioralhealth.com/wp-content/uploads/2023/09/embedded-quizzes-enhanced-learning-retention.jpg]
[www.rethinkbehavioralhealth.com/wp-content/uploads/2023/11/rethinkbh-training-resources-tools.jpg]
[www.rethinkbehavioralhealth.com/our-solutions/training/index.html]
[www.rethinkbehavioralhealth.com/wp-content/uploads/elementor/css/post-84485411.css]
[www.rethinkbehavioralhealth.com/wp-json/wp/v2/pages/8448.json]
[www.rethinkbehavioralhealth.com/wp-json/oembed/1.0/embedfe45.json]
[www.rethinkbehavioralhealth.com/wp-json/oembed/1.0/embed68f0]
[www.rethinkbehavioralhealth.com/wp-content/uploads/2023/05/aba-software-start-up-therapy-practices.jpg]
[www.rethinkbehavioralhealth.com/wp-content/uploads/2023/05/galaxy-guide-interstellar-journey-building-aba-therapy-practice.jpg]
[www.rethinkbehavioralhealth.com/wp-content/uploads/2022/10/start-aba-therapy-practice-clinic-step-by-step-guide.jpg]
[www.rethinkbehavioralhealth.com/wp-content/uploads/2022/04/5-Tips-For-Moving-Away-From-Manual-Billing.jpg]
[www.rethinkbehavioralhealth.com/wp-content/uploads/2023/01/free-aba-data-sheets-forms-rethinkbh.png]
[www.rethinkbehavioralhealth.com/start-up-aba/index.html]
[www.rethinkbehavioralhealth.com/resources/how-to-start-an-aba-therapy-practice-clinic-a-step-by-step-guide/index.html]
[www.rethinkbehavioralhealth.com/resources/5-tips-for-moving-away-from-manual-aba-therapy-billing/index.html]
[www.rethinkbehavioralhealth.com/resources/free-aba-data-sheets/index.html]
[www.rethinkbehavioralhealth.com/wp-content/uploads/elementor/css/post-8462ebb0.css]
[www.rethinkbehavioralhealth.com/wp-json/wp/v2/pages/8462.json]
[www.rethinkbehavioralhealth.com/wp-json/oembed/1.0/embeddaee.json]
[www.rethinkbehavioralhealth.com/wp-json/oembed/1.0/embedf215]
[www.rethinkbehavioralhealth.com/wp-content/uploads/2023/05/scaling-aba-practices.jpg]
[www.rethinkbehavioralhealth.com/wp-content/uploads/2021/10/heart-applied-behavior-analysis-harnessing-existing-capacities-recognizing-new-opportunities.png]
[www.rethinkbehavioralhealth.com/scaling-practices/index.html]
[www.rethinkbehavioralhealth.com/resources/heart-aba-harnessing-existing-capacities-recognizing-new-opportunities/index.html]
[www.rethinkbehavioralhealth.com/wp-content/uploads/elementor/css/post-8463b859.css]
[www.rethinkbehavioralhealth.com/wp-json/wp/v2/pages/8463.json]
[www.rethinkbehavioralhealth.com/wp-json/oembed/1.0/embedee03.json]
[www.rethinkbehavioralhealth.com/wp-json/oembed/1.0/embeda526]
[www.rethinkbehavioralhealth.com/wp-content/uploads/2023/05/aba-enterprise-practices-rethinkbh.jpg]
[www.rethinkbehavioralhealth.com/resources/aba-therapy-business-continuity-plan/index.html]
[www.rethinkbehavioralhealth.com/wp-content/uploads/2022/02/aba-therapy-business-continuity-plan.jpg]
[www.rethinkbehavioralhealth.com/enterprise-practices/index.html]
[www.rethinkbehavioralhealth.com/wp-content/uploads/2022/12/rethinkbh-logo-bg.svg]
[www.rethinkbehavioralhealth.com/wp-content/uploads/elementor/css/post-146969e8f.css]
[www.rethinkbehavioralhealth.com/wp-json/wp/v2/pages/14696.json]
[www.rethinkbehavioralhealth.com/wp-json/oembed/1.0/embedd0bf.json]
[www.rethinkbehavioralhealth.com/wp-json/oembed/1.0/embed9918]
[www.rethinkbehavioralhealth.com/wp-content/uploads/2024/08/rethinkbh-achieving-aba-treatment-goals.jpg]
[www.rethinkbehavioralhealth.com/wp-content/uploads/2024/07/overcoming-barriers-parent-engagement-what-bcbas-need-know.jpg]
[www.rethinkbehavioralhealth.com/wp-content/uploads/2024/01/clinical-quality-financial-health-must-we-choose.jpg]
[www.rethinkbehavioralhealth.com/resources/achieving-aba-treatment-goals/index.html]
[www.rethinkbehavioralhealth.com/resources/overcoming-barriers-parent-engagement-bcbas-need-know/index.html]
[www.rethinkbehavioralhealth.com/wp-content/uploads/2023/11/aba-after-hours-solopreneur-venture-into-health-fitness.png]
[www.rethinkbehavioralhealth.com/wp-content/uploads/2023/09/maximizing-success-neurodiverse-employees-rethinkbh.jpg]
[www.rethinkbehavioralhealth.com/resources/solopreneur-venture-into-health-fitness/index.html]
[www.rethinkbehavioralhealth.com/wp-content/uploads/2023/07/radical-values-impacts-misaligned-values-aba-professionals.jpg]
[www.rethinkbehavioralhealth.com/wp-content/uploads/2023/07/tips-successful-summer-aba-therapy-program-guide-providers.jpg]
[www.rethinkbehavioralhealth.com/resources/clinical-quality-financial-health-must-we-choose/index.html]
[www.rethinkbehavioralhealth.com/wp-content/uploads/2023/06/creating-aba-therapy-resources-parents-your-summer-toolkit.jpg]
[www.rethinkbehavioralhealth.com/resources/radical-values-impacts-misaligned-values-aba-professionals/index.html]
[www.rethinkbehavioralhealth.com/resources/tips-for-a-successful-summer-aba-therapy-program-a-guide-for-providers/index.html]
[www.rethinkbehavioralhealth.com/wp-content/uploads/2023/07/selective-eating-among-children-autism-spectrum-disorders.jpg]
[www.rethinkbehavioralhealth.com/resources/creating-aba-therapy-resources-parents-summer-toolkit/index.html]
[www.rethinkbehavioralhealth.com/resources/assessing-and-teaching-job-related-social-skills-maximizing-success-of-neurodiverse-employees/index.html]
[www.rethinkbehavioralhealth.com/wp-content/uploads/2023/06/continuing-your-journey-practical-guide-ceu-requirements-bcbas-bcabas.jpg]
[www.rethinkbehavioralhealth.com/resources/practical-guide-ceu-requirements-bcbas-bcabas/index.html]
[www.rethinkbehavioralhealth.com/resources/selective-eating-among-children-asd/index.html]
[www.rethinkbehavioralhealth.com/resources/supporting-more-positive-quality-life-autistic-adolescents-adults/index.html]
[www.rethinkbehavioralhealth.com/wp-content/uploads/2023/05/supporting-more-positive-quality-life-autistic-adolescents-adults.jpg]
[www.rethinkbehavioralhealth.com/resources/artificial-intelligence-ai-in-applied-behavior-analysis-aba/index.html]
[www.rethinkbehavioralhealth.com/wp-content/uploads/2023/05/aba-after-hours-ep-8-ai-aba-dr-david-cox.jpg]
[www.rethinkbehavioralhealth.com/wp-content/uploads/2023/04/importance-relationships-practice-behavior-analysis-rethinkbh.jpg]
[www.rethinkbehavioralhealth.com/wp-content/uploads/2023/03/local-seo-on-a-laptop.jpg]
[www.rethinkbehavioralhealth.com/resources/how-to-optimize-an-aba-therapy-practice-for-local-seo/index.html]
[www.rethinkbehavioralhealth.com/resources/importance-relationships-practice-behavior-analysis/index.html]
[www.rethinkbehavioralhealth.com/resources/6-evidence-based-practices-aba-organizations-implement-improve-services/index.html]
[www.rethinkbehavioralhealth.com/wp-content/uploads/2023/03/how-aba-organizations-can-implement-evidence-based-practices-to-improve-services.jpg]
[www.rethinkbehavioralhealth.com/wp-content/uploads/2023/03/strategies-maximizing-ones-productivity-work-enjoyment-human-services-rethinkbh.jpg]
[www.rethinkbehavioralhealth.com/wp-content/cache/min/1/wp-content/plugins/jet-smart-filters/assets/css/publicd56c.css]
[www.rethinkbehavioralhealth.com/resources/strategies-maximizing-productivity-work-enjoyment-human-services/index.html]
[www.rethinkbehavioralhealth.com/wp-includes/js/jquery/ui/datepicker.minb37e.js]
[www.rethinkbehavioralhealth.com/resources/index.html]
[www.rethinkbehavioralhealth.com/wp-content/cache/min/1/wp-content/plugins/jet-smart-filters/assets/js/public8e26.js]
[www.rethinkbehavioralhealth.com/wp-includes/css/dist/block-library/style.min6c2d.css]
[www.rethinkbehavioralhealth.com/wp-content/uploads/elementor/css/post-11177aaa7.css]
[www.rethinkbehavioralhealth.com/wp-content/uploads/elementor/css/post-10858aaa7.css]
[www.rethinkbehavioralhealth.com/news-events/feed/index.html]
[www.rethinkbehavioralhealth.com/wp-content/uploads/2024/08/pr-rethinkbh-debuts-enhanced-analytics-optimize-aba-clinical-programming-practice-management.jpg]
[www.rethinkbehavioralhealth.com/resources/indexb6f0.html]
[www.rethinkbehavioralhealth.com/wp-content/uploads/2024/06/rethinkbh-plus-attend-behavior.jpg]
[www.rethinkbehavioralhealth.com/news-events/rethinkbh-debuts-enhanced-analytics-optimize-aba-clinical-programming-practice-management/index.html]
[www.rethinkbehavioralhealth.com/wp-content/uploads/2024/05/rethinkbh-and-autism-analytica.jpg]
[www.rethinkbehavioralhealth.com/news-events/rethinkbh-attend-behavior-collaborate/index.html]
[www.rethinkbehavioralhealth.com/news-events/rethinkbh-integration-seamless-access-autism-analytica/index.html]
[www.rethinkbehavioralhealth.com/wp-content/uploads/2023/02/rethinkbh-newsletter-march-2023-vol-3-23.jpg]
[www.rethinkbehavioralhealth.com/news-events/newsletter-oct-2023-vol-10-23/index.html]
[www.rethinkbehavioralhealth.com/wp-content/uploads/2023/07/netsmart-rethinkfirst-partnership.png]
[www.rethinkbehavioralhealth.com/wp-content/uploads/2022/11/featured-image-resources-news-award.jpg]
[www.rethinkbehavioralhealth.com/news-events/newsletter-aug-2023-vol-8-23/index.html]
[www.rethinkbehavioralhealth.com/news-events/newsletter-sep-2023-vol-9-23/index.html]
[www.rethinkbehavioralhealth.com/news-events/newsletter-july-2023-vol-7-23/index.html]
[www.rethinkbehavioralhealth.com/news-events/newsletter-may-2023-vol-5-23/index.html]
[www.rethinkbehavioralhealth.com/wp-content/uploads/2022/08/capterra-shortlist-2022-rethinkbh.jpg]
[www.rethinkbehavioralhealth.com/news-events/newsletter-march-2023-vol-3-23/index.html]
[www.rethinkbehavioralhealth.com/wp-content/uploads/2022/01/rethinkfirst-expands-support-acquisition-total-therapy.jpg]
[www.rethinkbehavioralhealth.com/news-events/index.html]
[www.rethinkbehavioralhealth.com/wp-content/cache/min/1/wp-content/plugins/jet-elements/assets/css/addons/jet-button5d46.css]
[www.rethinkbehavioralhealth.com/news-events/newsletter-june-2023-vol-6-23/index.html]
[www.rethinkbehavioralhealth.com/wp-content/cache/min/1/wp-content/plugins/jet-elements/assets/css/skin/jet-button5d46.css]
[www.rethinkbehavioralhealth.com/news-events/newsletter-april-2023-vol-4-23/index.html]
[www.rethinkbehavioralhealth.com/wp-content/uploads/elementor/css/post-20729ea5.css]
[www.rethinkbehavioralhealth.com/wp-json/wp/v2/pages/2072.json]
[www.rethinkbehavioralhealth.com/wp-json/oembed/1.0/embed765c.json]
[www.rethinkbehavioralhealth.com/wp-json/oembed/1.0/embedefbd]
[www.rethinkbehavioralhealth.com/wp-content/uploads/2023/02/about-rethinkbh.webp]
[www.rethinkbehavioralhealth.com/wp-content/uploads/2022/04/BH-Providers.png]
[www.rethinkbehavioralhealth.com/wp-content/uploads/2023/02/rethinkbh-logo.svg]
[www.rethinkbehavioralhealth.com/wp-content/uploads/2022/04/Thumbnail-Rethink-Ed.png]
[www.rethinkbehavioralhealth.com/wp-content/uploads/2023/02/rethinked-logo.svg]
[www.rethinkbehavioralhealth.com/wp-content/uploads/2023/05/rethinkcare-thumbnail.jpg]
[www.rethinkbehavioralhealth.com/wp-content/uploads/2023/02/rethinkcare-logo.svg]
[www.rethinkbehavioralhealth.com/wp-content/uploads/2024/03/power-potential-togther-rethinkbh.jpg]
[www.rethinkbehavioralhealth.com/about/index.html]
[www.rethinkbehavioralhealth.com/wp-content/uploads/2022/02/mark-logo.svg]
[www.rethinkbehavioralhealth.com/wp-content/uploads/elementor/css/post-10854cb2d.css]
[www.rethinkbehavioralhealth.com/team/feed/index.html]
[www.rethinkbehavioralhealth.com/wp-content/uploads/elementor/css/post-3092cb2d.css]
[www.rethinkbehavioralhealth.com/wp-content/uploads/2025/07/matt-stevens-vice-president-sales-rethinkbh.jpg]
[www.rethinkbehavioralhealth.com/wp-content/uploads/2022/04/stefanie-mccully-vp-revenue-cycle-management-services-rethinkbh.jpg]
[www.rethinkbehavioralhealth.com/wp-content/uploads/2022/04/christopher-macaloon-vice-president-customer-success-rethinkbh.jpg]
[www.rethinkbehavioralhealth.com/wp-content/uploads/2022/03/brittney-kalicki-director-professional-services-for-rethinkbh.jpg]
[www.rethinkbehavioralhealth.com/wp-content/uploads/2022/04/betsy-chappelle-director-implementation-support-total-therapy.jpg]
[www.rethinkbehavioralhealth.com/wp-content/uploads/2022/03/dustin-carter-head-ai-rethinkfirst.jpg]
[www.rethinkbehavioralhealth.com/team/matt-stevens/index.html]
[www.rethinkbehavioralhealth.com/wp-content/uploads/2022/04/margarita-burakov-vice-president-product-development-rethinkbh.jpg]
[www.rethinkbehavioralhealth.com/wp-content/uploads/2022/06/shlomi-rosenzweig-director-engineering-rethinkbh.jpg]
[www.rethinkbehavioralhealth.com/wp-content/uploads/2022/02/logo-rethinkfirst-tagline.svg]
[www.rethinkbehavioralhealth.com/team/stefanie-mccully/index.html]
[www.rethinkbehavioralhealth.com/team/brittney-kalicki/index.html]
[www.rethinkbehavioralhealth.com/team/christopher-macaloon/index.html]
[www.rethinkbehavioralhealth.com/wp-content/uploads/elementor/css/post-1081cb2d.css]
[www.rethinkbehavioralhealth.com/team/index.html]
[www.rethinkbehavioralhealth.com/wp-content/uploads/elementor/css/post-30979ad4.css]
[www.rethinkbehavioralhealth.com/team/betsy-chappelle/index.html]
[www.rethinkbehavioralhealth.com/team/dustin-carter/index.html]
[www.rethinkbehavioralhealth.com/team/margarita-burakov/index.html]
[www.rethinkbehavioralhealth.com/team/shlomi-rosenzweig/index.html]
[www.rethinkbehavioralhealth.com/wp-content/uploads/elementor/css/post-8559490a.css]
[www.rethinkbehavioralhealth.com/wp-json/wp/v2/pages/8559.json]
[www.rethinkbehavioralhealth.com/wp-json/oembed/1.0/embed29d3.json]
[www.rethinkbehavioralhealth.com/wp-json/oembed/1.0/embeda4da]
[www.rethinkbehavioralhealth.com/wp-content/uploads/2022/03/icon-arrow-orange.svg]
[www.rethinkbehavioralhealth.com/wp-content/uploads/2023/03/fran-strauch-operations-manager-achieve-behavior-partners.jpg]
[www.rethinkbehavioralhealth.com/wp-content/uploads/2022/04/Achieve-Behavior-Partners.png]
[www.rethinkbehavioralhealth.com/request-a-demo/index.html]
[www.rethinkbehavioralhealth.com/wp-content/uploads/2022/02/icon-quote-purple.svg]
[www.rethinkbehavioralhealth.com/wp-content/plugins/elementor-pro/assets/css/widget-post-info.min5759.css]
[www.rethinkbehavioralhealth.com/wp-content/cache/min/1/wp-content/plugins/elementor/assets/lib/swiper/v8/css/swiper.mindeef.css]
[www.rethinkbehavioralhealth.com/wp-content/plugins/elementor/assets/css/conditionals/e-swiper.min5759.css]
[www.rethinkbehavioralhealth.com/wp-content/plugins/elementor-pro/assets/css/widget-share-buttons.min5759.css]
[www.rethinkbehavioralhealth.com/wp-content/uploads/elementor/css/post-2329960e6.css]
[www.rethinkbehavioralhealth.com/wp-content/uploads/elementor/css/post-11176ebbc.css]
[www.rethinkbehavioralhealth.com/wp-content/uploads/elementor/css/post-16338ebbc.css]
[www.rethinkbehavioralhealth.com/wp-json/wp/v2/resources/23299.json]
[www.rethinkbehavioralhealth.com/wp-json/oembed/1.0/embed1b5d.json]
[www.rethinkbehavioralhealth.com/resources/aba-practice-management/index.html]
[www.rethinkbehavioralhealth.com/wp-json/oembed/1.0/embed5780]
[www.rethinkbehavioralhealth.com/resource-topic/business/index.html]
[www.rethinkbehavioralhealth.com/resource-topic/autism/index.html]
[www.rethinkbehavioralhealth.com/resource-topic/aba/index.html]
[www.rethinkbehavioralhealth.com/resource-topic/behavior/index.html]
[www.rethinkbehavioralhealth.com/wp-content/plugins/elementor-pro/assets/css/widget-blockquote.min5759.css]
[www.rethinkbehavioralhealth.com/resources/write-soap-notes-efficiently-slps-ots-pts-therapists/index.html]
[www.rethinkbehavioralhealth.com/resources/10-tips-for-motivating-and-retaining-staff/index.html]
[www.rethinkbehavioralhealth.com/wp-content/uploads/elementor/css/post-2267760e6.css]
[www.rethinkbehavioralhealth.com/resources/new-category-1-cpt-codes-aba-services/index.html]
[www.rethinkbehavioralhealth.com/resources/prevent-bcba-rbt-burnout/index.html]
[www.rethinkbehavioralhealth.com/resources/complete-guide-resources-for-telehealth-in-aba-therapy/index.html]
[www.rethinkbehavioralhealth.com/resource-topic/practice-management/index.html]
[www.rethinkbehavioralhealth.com/wp-json/wp/v2/resources/22677.json]
[www.rethinkbehavioralhealth.com/resources/best-social-media-platforms-for-your-aba-therapy-business/index.html]
[www.rethinkbehavioralhealth.com/wp-json/oembed/1.0/embedaacb.json]
[www.rethinkbehavioralhealth.com/resources/achieving-insight-driven-clinical-outcomes-efficiency/index.html]
[www.rethinkbehavioralhealth.com/wp-json/oembed/1.0/embed325f]
[www.rethinkbehavioralhealth.com/wp-content/uploads/elementor/css/post-2213060e6.css]
[www.rethinkbehavioralhealth.com/resource-topic/tips-tools-tech/index.html]
[www.rethinkbehavioralhealth.com/wp-json/wp/v2/resources/22130.json]
[www.rethinkbehavioralhealth.com/wp-json/oembed/1.0/embed127d.json]
[www.rethinkbehavioralhealth.com/resource-topic/children/index.html]
[www.rethinkbehavioralhealth.com/resources/power-parent-advocacy/index.html]
[www.rethinkbehavioralhealth.com/wp-json/oembed/1.0/embedc89a]
[www.rethinkbehavioralhealth.com/wp-json/wp/v2/resources/21692.json]
[www.rethinkbehavioralhealth.com/wp-json/oembed/1.0/embedbaa4.json]
[www.rethinkbehavioralhealth.com/resources/power-compassion-supporting-families-children-asd/index.html]
[www.rethinkbehavioralhealth.com/resources/making-case-for-diversity-aba/index.html]
[www.rethinkbehavioralhealth.com/wp-json/oembed/1.0/embedf88b]
[www.rethinkbehavioralhealth.com/wp-content/uploads/2023/09/mark-logo.svg]
[www.rethinkbehavioralhealth.com/resource-topic/parenting/index.html]
[www.rethinkbehavioralhealth.com/wp-content/uploads/2022/02/logo-rethinkbh-tagline-white.svg]
[www.rethinkbehavioralhealth.com/resource-topic/diversity-equity/index.html]
[www.rethinkbehavioralhealth.com/resource-topic/professional-development/index.html]
[www.rethinkbehavioralhealth.com/resource-topic/research/index.html]
[www.rethinkbehavioralhealth.com/wp-content/uploads/elementor/css/post-8571f02a.css]
[www.rethinkbehavioralhealth.com/wp-json/wp/v2/pages/8571.json]
[www.rethinkbehavioralhealth.com/wp-json/oembed/1.0/embed7546.json]
[www.rethinkbehavioralhealth.com/contact/index.html]
[www.rethinkbehavioralhealth.com/wp-json/oembed/1.0/embed4a61]
[www.rethinkbehavioralhealth.com/wp-content/themes/hello-elementor/assets/css/themeedb1.css]
[www.rethinkbehavioralhealth.com/wp-content/plugins/jet-menu/integration/themes/hello-elementor/assets/css/stylee334.css]
[www.rethinkbehavioralhealth.com/wp-content/plugins/jet-engine/assets/css/frontend3430.css]
[www.rethinkbehavioralhealth.com/wp-content/themes/hello-elementor/assets/css/resetedb1.css]
[www.rethinkbehavioralhealth.com/wp-content/themes/hello-elementor/assets/css/header-footeredb1.css]
[www.rethinkbehavioralhealth.com/wp-content/plugins/jet-menu/assets/public/css/publice334.css]
[www.rethinkbehavioralhealth.com/wp-content/plugins/jet-popup/assets/css/jet-popup-frontend1ad2.css]
[www.rethinkbehavioralhealth.com/wp-content/plugins/elementor/assets/lib/eicons/css/elementor-icons.mine085.css]
[www.rethinkbehavioralhealth.com/wp-content/plugins/jet-tabs/assets/css/jet-tabs-frontend8ce6.css]
[www.rethinkbehavioralhealth.com/wp-content/plugins/elementor/assets/lib/font-awesome/css/all.min5759.css]
[www.rethinkbehavioralhealth.com/wp-content/uploads/elementor/css/post-3701c.css]
[www.rethinkbehavioralhealth.com/wp-content/uploads/elementor/google-fonts/css/opensansd879.css]
[www.rethinkbehavioralhealth.com/wp-content/plugins/elementor/assets/lib/font-awesome/css/solid.min52d5.css]
[www.rethinkbehavioralhealth.com/wp-content/plugins/elementor/assets/lib/font-awesome/css/brands.min52d5.css]
[www.rethinkbehavioralhealth.com/wp-json/wp/v2/pages/3.json]
[www.rethinkbehavioralhealth.com/wp-json/oembed/1.0/embed35da.json]
[www.rethinkbehavioralhealth.com/wp-json/oembed/1.0/embedc6b0]
[js.hs-scripts.com/2900416.js]
[www.rethinkbehavioralhealth.com/cdn-cgi/l/email-protection.html]
[www.rethinkbehavioralhealth.com/cdn-cgi/scripts/5c5dd728/cloudflare-static/email-decode.min.js]
[www.rethinkbehavioralhealth.com/wp-content/plugins/jet-elements/assets/css/jet-elementsbb9d.css]
[www.rethinkbehavioralhealth.com/wp-content/themes/elementor-child-theme/script7359.js]
[www.rethinkbehavioralhealth.com/wp-content/plugins/jet-menu/assets/public/js/jet-menu-public-scriptse334.js]
[www.rethinkbehavioralhealth.com/wp-content/plugins/jet-engine/assets/lib/jet-plugins/jet-pluginsf488.js]
[www.rethinkbehavioralhealth.com/wp-content/plugins/jet-popup/assets/js/jet-popup-frontend1ad2.js]
[www.rethinkbehavioralhealth.com/wp-content/plugins/page-links-to/dist/new-tab7433.js]
[www.rethinkbehavioralhealth.com/wp-content/plugins/jet-menu/includes/elementor/assets/public/js/widgets-scriptse334.js]
[www.rethinkbehavioralhealth.com/privacy-notice/index.html]
[www.rethinkbehavioralhealth.com/wp-content/plugins/jet-popup/includes/elementor/assets/js/jet-popup-elementor-frontend1ad2.js]
[www.rethinkbehavioralhealth.com/wp-content/uploads/2022/03/rethinkbh-logo-bg.svg]
[www.rethinkbehavioralhealth.com/wp-content/uploads/elementor/css/post-8588f862.css]
[www.rethinkbehavioralhealth.com/wp-json/wp/v2/pages/8588.json]
[www.rethinkbehavioralhealth.com/wp-json/oembed/1.0/embedaabc.json]
[www.rethinkbehavioralhealth.com/terms/index.html]
[www.rethinkbehavioralhealth.com/wp-content/uploads/elementor/css/post-6360d995.css]
[www.rethinkbehavioralhealth.com/wp-json/oembed/1.0/embed6ea4]
[www.rethinkbehavioralhealth.com/wp-content/uploads/elementor/css/post-16878d995.css]
[www.rethinkbehavioralhealth.com/wp-content/uploads/elementor/css/post-16882d995.css]
[www.rethinkbehavioralhealth.com/wp-content/cache/min/1/wp-content/plugins/jet-elements/assets/css/jet-elementsdeef.css]
[www.rethinkbehavioralhealth.com/wp-content/plugins/elementor/assets/lib/eicons/fonts/eicons7241.svg]
[www.rethinkbehavioralhealth.com/wp-content/plugins/jet-tabs/assets/images/spinner-32.svg]
[www.rethinkbehavioralhealth.com/wp-content/uploads/2023/09/form-waves.svg]
[www.rethinkbehavioralhealth.com/wp-content/plugins/elementor/assets/lib/font-awesome/webfonts/fa-brands-400.svg]
[www.rethinkbehavioralhealth.com/wp-content/plugins/elementor/assets/lib/font-awesome/webfonts/fa-regular-400.svg]
[www.rethinkbehavioralhealth.com/wp-content/plugins/elementor/assets/lib/font-awesome/webfonts/fa-solid-900.svg]
[www.rethinkbehavioralhealth.com/wp-content/plugins/elementor/assets/mask-shapes/circle.svg]
[www.rethinkbehavioralhealth.com/wp-content/uploads/2023/02/rethinkbh-hero-wave-2.svg]
[www.rethinkbehavioralhealth.com/wp-content/uploads/elementor/css/post-8583f862.css]
[www.rethinkbehavioralhealth.com/indexf434.html]
[www.rethinkbehavioralhealth.com/wp-content/uploads/2022/02/icon-ask.svg]
[www.rethinkbehavioralhealth.com/wp-content/uploads/2022/02/icon-faqs.svg]
[www.rethinkbehavioralhealth.com/wp-content/uploads/2022/02/icon-call.svg]
[www.rethinkbehavioralhealth.com/wp-content/uploads/2024/03/icon-open-training-rethinkbh.svg]
[www.rethinkbehavioralhealth.com/wp-content/plugins/elementor/assets/css/widget-toggle.min5759.css]
[www.rethinkbehavioralhealth.com/wp-content/uploads/elementor/css/post-1121d694.css]
[www.rethinkbehavioralhealth.com/indexe7ac.html]
[www.rethinkbehavioralhealth.com/wp-content/plugins/elementor/assets/css/widget-image-box.min5759.css]
[www.rethinkbehavioralhealth.com/wp-content/uploads/elementor/css/post-2385660e6.css]
[www.rethinkbehavioralhealth.com/index203a.html]
[www.rethinkbehavioralhealth.com/wp-content/uploads/elementor/css/post-147309e8f.css]
[www.rethinkbehavioralhealth.com/wp-json/wp/v2/resources/14730.json]
[www.rethinkbehavioralhealth.com/wp-json/oembed/1.0/embedf293.json]
[www.rethinkbehavioralhealth.com/wp-json/oembed/1.0/embed4bcb]
[www.rethinkbehavioralhealth.com/wp-content/uploads/2023/01/leverage-practice-management-technology-in-aba-therapy-ebook-rethinkbh-232x300.jpg]
[www.rethinkbehavioralhealth.com/resources/leveraging-practice-management-technology/index.html]
[www.rethinkbehavioralhealth.com/wp-content/uploads/elementor/css/post-9208cfd4.css]
[www.rethinkbehavioralhealth.com/wp-json/wp/v2/resources/9208.json]
[www.rethinkbehavioralhealth.com/wp-json/oembed/1.0/embed0f5b.json]
[www.rethinkbehavioralhealth.com/wp-json/oembed/1.0/embed9d29]
[www.rethinkbehavioralhealth.com/wp-content/uploads/2024/10/sarah-schmitz-owner-president-comprehensive-billing-consultants.jpg]
[www.rethinkbehavioralhealth.com/resources/documentation-requirements-the-who-what-when-where-why-and-how-of-a-medical-record/index.html]
[www.rethinkbehavioralhealth.com/wp-content/uploads/elementor/css/post-2360560e6.css]
[www.rethinkbehavioralhealth.com/indexafe2.html]
[www.rethinkbehavioralhealth.com/resource-topic/medical-necessity/index.html]
[www.rethinkbehavioralhealth.com/wp-content/uploads/elementor/css/post-1546560e6.css]
[www.rethinkbehavioralhealth.com/resource-topic/insurance/index.html]
[www.rethinkbehavioralhealth.com/index8e5c.html]
[www.rethinkbehavioralhealth.com/resource-topic/assessment/index.html]
[www.rethinkbehavioralhealth.com/resources/aba-mobile-workforce-managing-risk-employee-drivers/index.html]
[www.rethinkbehavioralhealth.com/wp-json/wp/v2/resources/14658.json]
[www.rethinkbehavioralhealth.com/authors/sarah-schmitz/index.html]
[www.rethinkbehavioralhealth.com/wp-json/oembed/1.0/embed5e6c.json]
[www.rethinkbehavioralhealth.com/wp-json/oembed/1.0/embede0e0]
[www.rethinkbehavioralhealth.com/wp-content/uploads/2024/10/485-MTIwMzczMQ_growing-resilience-manage-compassion-fatigue-healthcare_thumbnail.jpg]
[www.rethinkbehavioralhealth.com/wp-content/uploads/2022/04/joe.jpg]
[www.rethinkbehavioralhealth.com/resources/growing-resilience-to-manage-compassion-fatigue-in-healthcare/index.html]
[www.rethinkbehavioralhealth.com/wp-content/uploads/elementor/css/post-9178d1f3.css]
[www.rethinkbehavioralhealth.com/wp-json/wp/v2/resources/9178.json]
[www.rethinkbehavioralhealth.com/authors/joe-burton/index.html]
[www.rethinkbehavioralhealth.com/wp-json/oembed/1.0/embed0926.json]
[www.rethinkbehavioralhealth.com/wp-json/oembed/1.0/embedfc73]
[www.rethinkbehavioralhealth.com/wp-content/uploads/2024/10/485-MTEyNDk2Nw_key-employment-issues-every-aba-provider-should-know-about_thumbnail.jpg]
[www.rethinkbehavioralhealth.com/wp-content/uploads/2021/05/vanessa-kelly-labor-employment-attorney-member-clark-hill-plc.jpg]
[www.rethinkbehavioralhealth.com/wp-content/uploads/2021/05/melinda-lapan-vice-president-hr-advantage-advisory.jpg]
[www.rethinkbehavioralhealth.com/wp-content/uploads/2023/08/employee-spotlight-dawn-mackey-product-manager.jpg]
[www.rethinkbehavioralhealth.com/resources/key-employment-issues-every-aba-provider-should-know-about/index.html]
[www.rethinkbehavioralhealth.com/wp-json/wp/v2/resources/9172.json]
[www.rethinkbehavioralhealth.com/wp-json/oembed/1.0/embedae0c.json]
[www.rethinkbehavioralhealth.com/authors/dawn-mackey/index.html]
[www.rethinkbehavioralhealth.com/wp-json/oembed/1.0/embed6e80]
[www.rethinkbehavioralhealth.com/resources/liability-insurance-basics-current-claim-trends-in-aba-therapy/index.html]
[www.rethinkbehavioralhealth.com/wp-content/uploads/2023/11/jacob-kiley-vice-president-the-liberty-company-insurance-brokers.jpg]
[www.rethinkbehavioralhealth.com/resources/aba-business-insurance-overview-how-insurance-carriers-view-aba-businesses-how-to-mitigate-risk/index.html]
[www.rethinkbehavioralhealth.com/wp-content/uploads/elementor/css/post-10766f24a.css]
[www.rethinkbehavioralhealth.com/index1c64.html]
[www.rethinkbehavioralhealth.com/wp-content/uploads/elementor/css/post-15322ffab.css]
[www.rethinkbehavioralhealth.com/wp-content/uploads/elementor/css/post-1076004c1.css]
[www.rethinkbehavioralhealth.com/index01e5.html]
[www.rethinkbehavioralhealth.com/authors/jacob-kiley/index.html]
[www.rethinkbehavioralhealth.com/wp-json/wp/v2/resources/15475.json]
[www.rethinkbehavioralhealth.com/resources/5-cyber-threats-therapy-practices/index.html]
[www.rethinkbehavioralhealth.com/wp-json/oembed/1.0/embed9ddc.json]
[www.rethinkbehavioralhealth.com/wp-json/oembed/1.0/embedb9bb]
[www.rethinkbehavioralhealth.com/wp-content/uploads/2023/03/erin-mayberry-director-of-community-engagement-rethinkbh.jpg]
[www.rethinkbehavioralhealth.com/resources/how-to-use-rethink-behavioral-healths-platform-to-plan-effective-summer-aba-programs/index.html]
[www.rethinkbehavioralhealth.com/wp-content/uploads/elementor/css/post-1252ead4.css]
[www.rethinkbehavioralhealth.com/indexb09c.html]
[www.rethinkbehavioralhealth.com/authors/erin-mayberry/index.html]
[www.rethinkbehavioralhealth.com/wp-content/uploads/elementor/css/post-1465757bf.css]
[www.rethinkbehavioralhealth.com/wp-json/wp/v2/resources/14657.json]
[www.rethinkbehavioralhealth.com/wp-json/oembed/1.0/embedaf32.json]
[www.rethinkbehavioralhealth.com/wp-json/oembed/1.0/embedccee]
[www.rethinkbehavioralhealth.com/wp-content/uploads/2024/10/485-MTExNDYzNQ_determining-medical-necessity_thumbnail.jpg]
[www.rethinkbehavioralhealth.com/wp-content/uploads/2023/10/dr-diana-davis-wilson-dbh-lba-bcba.jpg]
[www.rethinkbehavioralhealth.com/wp-content/uploads/2021/04/mellanie-page-bcba.jpg]
[www.rethinkbehavioralhealth.com/resources/determining-medical-necessity-how-evidenced-based-protocols-can-support-proper-dosage-and-clinical-outcomes/index.html]
[www.rethinkbehavioralhealth.com/wp-json/wp/v2/resources/9302.json]
[www.rethinkbehavioralhealth.com/wp-json/oembed/1.0/embeddead.json]
[www.rethinkbehavioralhealth.com/wp-json/oembed/1.0/embede8b3]
[www.rethinkbehavioralhealth.com/wp-content/uploads/2022/04/turnover-exist-visual-graphic.png]
[www.rethinkbehavioralhealth.com/wp-content/uploads/2022/04/signs-employee-burnout-increased-errors.jpg]
[www.rethinkbehavioralhealth.com/wp-content/uploads/2022/04/turnover-hurts-everyone.png]
[www.rethinkbehavioralhealth.com/wp-content/uploads/2022/04/turnover-study.png]
[www.rethinkbehavioralhealth.com/wp-content/uploads/2022/04/battle-burnout-bcbas.jpg]
[www.rethinkbehavioralhealth.com/wp-content/uploads/2022/04/rbt-training-image.png]
[www.rethinkbehavioralhealth.com/resources/covid-19-return-to-work-resources-for-aba-practitioners/index.html]
[www.rethinkbehavioralhealth.com/wp-content/uploads/2022/09/employee-benefits-health-insurance-social-security-perks-bonuses-allowance-award.jpg]
[www.rethinkbehavioralhealth.com/resources/ways-to-reduce-bcba-rbt-turnover-retention/index.html]
[www.rethinkbehavioralhealth.com/wp-content/cache/min/1/api/playerb5a6.js]
[www.rethinkbehavioralhealth.com/wp-content/uploads/elementor/css/post-154719e8f.css]
[www.rethinkbehavioralhealth.com/wp-json/wp/v2/resources/15471.json]
[www.rethinkbehavioralhealth.com/wp-json/oembed/1.0/embed25bc.json]
[www.rethinkbehavioralhealth.com/wp-json/oembed/1.0/embed0fef]
[www.rethinkbehavioralhealth.com/wp-content/uploads/2022/07/dr-tyra-sellers-owner-tp-sellers-llc-author-training-performance-success.jpg]
[www.rethinkbehavioralhealth.com/wp-content/uploads/2022/04/bridget-taylor-rethink.jpg]
[www.rethinkbehavioralhealth.com/resources/ethics-supervision-discussing-section-4-0-responsibility-supervisees-trainees/index.html]
[www.rethinkbehavioralhealth.com/wp-content/uploads/elementor/css/post-20239b5ed.css]
[www.rethinkbehavioralhealth.com/indexe9af.html]
[www.rethinkbehavioralhealth.com/wp-content/plugins/elementor/assets/css/widget-counter.min5759.css]
[www.rethinkbehavioralhealth.com/wp-content/uploads/elementor/css/post-153129e8f.css]
[www.rethinkbehavioralhealth.com/index8959.html]
[www.rethinkbehavioralhealth.com/authors/dr-bridget-taylor-psyd-bcbad/index.html]
[www.rethinkbehavioralhealth.com/wp-content/uploads/elementor/css/post-15455752f.css]
[www.rethinkbehavioralhealth.com/wp-json/wp/v2/resources/15455.json]
[www.rethinkbehavioralhealth.com/wp-json/oembed/1.0/embedfb2b.json]
[www.rethinkbehavioralhealth.com/resources/aba-service-models-parents-communication-rethink-mna/index.html]
[www.rethinkbehavioralhealth.com/wp-json/oembed/1.0/embed0544]
[www.rethinkbehavioralhealth.com/resources/top-five-tips-effective-supervision/index.html]
[www.rethinkbehavioralhealth.com/resources/enhancing-collaboration-during-parent-training/index.html]
[www.rethinkbehavioralhealth.com/resources/teaching-safety-skills-to-individuals-with-autism-webinar/index.html]
[www.rethinkbehavioralhealth.com/wp-json/wp/v2/resources/9294.json]
[www.rethinkbehavioralhealth.com/wp-json/oembed/1.0/embedb44d.json]
[www.rethinkbehavioralhealth.com/resources/medical-necessity-assessment-tools-for-behavioral-health/index.html]
[www.rethinkbehavioralhealth.com/wp-json/oembed/1.0/embedf521]
[www.rethinkbehavioralhealth.com/wp-content/uploads/elementor/css/post-92313567.css]
[www.rethinkbehavioralhealth.com/resources/unlocking-the-vb-mapp-expert-tips-insights-video/index.html]
[www.rethinkbehavioralhealth.com/wp-json/wp/v2/resources/9231.json]
[www.rethinkbehavioralhealth.com/resources/rethink-announces-first-ever-protocol-to-ensure-children-with-autism-get-the-right-level-of-treatment/index.html]
[www.rethinkbehavioralhealth.com/wp-json/oembed/1.0/embedf07c.json]
[www.rethinkbehavioralhealth.com/wp-json/oembed/1.0/embed27d6]
[www.rethinkbehavioralhealth.com/wp-content/uploads/2024/10/485-MjMzNDc2_translating-medical-necessity-criteria-mnc-aba-providers_thumbnail.jpg]
[www.rethinkbehavioralhealth.com/resources/best-practices-for-determining-medical-necessity-in-autism-aba-treatment/index.html]
[www.rethinkbehavioralhealth.com/wp-content/uploads/elementor/css/post-8485b859.css]
[www.rethinkbehavioralhealth.com/index7f14.html]
[www.rethinkbehavioralhealth.com/wp-content/uploads/elementor/css/post-111579e8f.css]
[www.rethinkbehavioralhealth.com/indexf149.html]
[www.rethinkbehavioralhealth.com/wp-json/wp/v2/resources/14690.json]
[www.rethinkbehavioralhealth.com/authors/dr-diana-davis-wilson/index.html]
[www.rethinkbehavioralhealth.com/wp-json/oembed/1.0/embed9fe3.json]
[www.rethinkbehavioralhealth.com/resources/5-benefits-using-aba-practice-management-software/index.html]
[www.rethinkbehavioralhealth.com/wp-content/uploads/elementor/css/post-8486707e.css]
[www.rethinkbehavioralhealth.com/index5d05.html]
[www.rethinkbehavioralhealth.com/wp-content/uploads/elementor/css/post-84485411.css]
[www.rethinkbehavioralhealth.com/index069c.html]
[www.rethinkbehavioralhealth.com/wp-json/oembed/1.0/embed5369]
[www.rethinkbehavioralhealth.com/wp-content/uploads/elementor/css/post-9317752f.css]
[www.rethinkbehavioralhealth.com/wp-json/wp/v2/resources/9317.json]
[www.rethinkbehavioralhealth.com/wp-json/oembed/1.0/embed8776.json]
[www.rethinkbehavioralhealth.com/resources/how-to-start-an-aba-therapy-practice-clinic-a-step-by-step-guide/index.html]
[www.rethinkbehavioralhealth.com/wp-json/oembed/1.0/embed635d]
[www.rethinkbehavioralhealth.com/resources/using-technology-to-boost-efficiency-profitability-of-your-behavioral-health-practice-webinar/index.html]
[www.rethinkbehavioralhealth.com/wp-content/uploads/elementor/css/post-93151279.css]
[www.rethinkbehavioralhealth.com/wp-json/wp/v2/resources/9315.json]
[www.rethinkbehavioralhealth.com/wp-json/oembed/1.0/embed31e2.json]
[www.rethinkbehavioralhealth.com/resources/5-tips-for-moving-away-from-manual-aba-therapy-billing/index.html]
[www.rethinkbehavioralhealth.com/wp-json/oembed/1.0/embed5fce]
[www.rethinkbehavioralhealth.com/wp-content/uploads/elementor/css/post-92571647.css]
[www.rethinkbehavioralhealth.com/resources/best-practice-guidelines-for-clinical-implementation-video-and-pdf/index.html]
[www.rethinkbehavioralhealth.com/wp-json/wp/v2/resources/9257.json]
[www.rethinkbehavioralhealth.com/authors/stefanie-mccully/index.html]
[www.rethinkbehavioralhealth.com/wp-json/oembed/1.0/embed184f.json]
[www.rethinkbehavioralhealth.com/wp-json/oembed/1.0/embed4cb6]
[www.rethinkbehavioralhealth.com/resources/free-aba-data-sheets/index.html]
[www.rethinkbehavioralhealth.com/wp-content/uploads/elementor/css/post-8462ebb0.css]
[www.rethinkbehavioralhealth.com/index8e7d.html]
[www.rethinkbehavioralhealth.com/resources/parent-caregiver-engagement-the-evolution-best-practices-for-today/index.html]
[js.hsforms.net/forms/v2.js]
[www.rethinkbehavioralhealth.com/wp-content/uploads/elementor/css/post-918482dd.css]
[www.rethinkbehavioralhealth.com/wp-json/wp/v2/resources/9184.json]
[www.rethinkbehavioralhealth.com/wp-json/oembed/1.0/embedffbd.json]
[www.rethinkbehavioralhealth.com/wp-json/oembed/1.0/embed770c]
[www.rethinkbehavioralhealth.com/wp-content/uploads/2024/10/485-MTE3OTIxNw_the-heart-applied-behavior-analysis-rethink-bh-webinar_thumbnail.jpg]
[www.rethinkbehavioralhealth.com/wp-content/uploads/2021/10/dr-david-celiberti.jpg]
[www.rethinkbehavioralhealth.com/resources/heart-aba-harnessing-existing-capacities-recognizing-new-opportunities/index.html]
[www.rethinkbehavioralhealth.com/wp-content/uploads/elementor/css/post-8463b859.css]
[www.rethinkbehavioralhealth.com/index3039.html]
[www.rethinkbehavioralhealth.com/resources/best-practices-for-implementing-rethinks-behavioral-health-products/index.html]
[www.rethinkbehavioralhealth.com/wp-content/uploads/elementor/css/post-9325142c.css]
[www.rethinkbehavioralhealth.com/wp-json/wp/v2/resources/9325.json]
[www.rethinkbehavioralhealth.com/wp-json/oembed/1.0/embed7d13.json]
[www.rethinkbehavioralhealth.com/resources/aba-therapy-business-continuity-plan/index.html]
[www.rethinkbehavioralhealth.com/wp-content/uploads/2022/12/rethinkbh-logo-bg.svg]
[www.rethinkbehavioralhealth.com/wp-json/oembed/1.0/embed9d44]
[www.rethinkbehavioralhealth.com/wp-content/uploads/elementor/css/post-146969e8f.css]
[www.rethinkbehavioralhealth.com/indexc129.html]
[www.rethinkbehavioralhealth.com/resources/returning-to-work-a-conversation-to-resume-regular-operations/index.html]
[www.rethinkbehavioralhealth.com/resources/marketing-your-aba-practice-marketing-in-2020-webinar/index.html]
[www.rethinkbehavioralhealth.com/wp-content/uploads/elementor/css/post-2155460e6.css]
[www.rethinkbehavioralhealth.com/resources/moving-away-from-pencil-paper-documentation/index.html]
[www.rethinkbehavioralhealth.com/wp-json/wp/v2/resources/21554.json]
[www.rethinkbehavioralhealth.com/wp-json/oembed/1.0/embed09c4.json]
[www.rethinkbehavioralhealth.com/resources/achieving-aba-treatment-goals/index.html]
[www.rethinkbehavioralhealth.com/wp-json/oembed/1.0/embeda254]
[www.rethinkbehavioralhealth.com/wp-content/uploads/elementor/css/post-2091060e6.css]
[www.rethinkbehavioralhealth.com/wp-json/wp/v2/resources/20910.json]
[www.rethinkbehavioralhealth.com/wp-json/oembed/1.0/embed6856.json]
[www.rethinkbehavioralhealth.com/wp-json/oembed/1.0/embed5479]
[www.rethinkbehavioralhealth.com/wp-content/uploads/2024/07/rethinkbh-modular-manageable-user-friendly-parent-training-lesson-mobile-devices.png]
[www.rethinkbehavioralhealth.com/resources/overcoming-barriers-parent-engagement-bcbas-need-know/index.html]
[www.rethinkbehavioralhealth.com/wp-content/uploads/elementor/css/post-1872960e6.css]
[www.rethinkbehavioralhealth.com/wp-json/wp/v2/resources/18729.json]
[www.rethinkbehavioralhealth.com/wp-json/oembed/1.0/embed1f34.json]
[www.rethinkbehavioralhealth.com/resources/clinical-quality-financial-health-must-we-choose/index.html]
[www.rethinkbehavioralhealth.com/wp-json/oembed/1.0/embed6121]
[www.rethinkbehavioralhealth.com/wp-content/uploads/elementor/css/post-1839960e6.css]
[www.rethinkbehavioralhealth.com/wp-json/wp/v2/resources/18399.json]
[www.rethinkbehavioralhealth.com/wp-json/oembed/1.0/embed7a1c.json]
[www.rethinkbehavioralhealth.com/wp-json/oembed/1.0/embedf174]
[www.rethinkbehavioralhealth.com/wp-content/uploads/2023/10/nick-green-phd-bcba-product-owner-data-analytics-rethinkbh.jpg]
[www.rethinkbehavioralhealth.com/resources/solopreneur-venture-into-health-fitness/index.html]
[www.rethinkbehavioralhealth.com/wp-content/uploads/elementor/css/post-17477752f.css]
[www.rethinkbehavioralhealth.com/resources/leveraging-organizational-behavior-management-enhance-practice-observation-measurement-indicators-success/index.html]
[www.rethinkbehavioralhealth.com/wp-json/wp/v2/resources/17477.json]
[www.rethinkbehavioralhealth.com/wp-json/oembed/1.0/embed5070.json]
[www.rethinkbehavioralhealth.com/wp-json/oembed/1.0/embed685f]
[www.rethinkbehavioralhealth.com/wp-content/uploads/2023/08/dr-dorothea-lerman-rethinkbh-webinar.jpg]
[www.rethinkbehavioralhealth.com/resources/assessing-and-teaching-job-related-social-skills-maximizing-success-of-neurodiverse-employees/index.html]
[www.rethinkbehavioralhealth.com/wp-content/uploads/elementor/css/post-15623752f.css]
[www.rethinkbehavioralhealth.com/wp-json/wp/v2/resources/15623.json]
[www.rethinkbehavioralhealth.com/wp-json/oembed/1.0/embeded18.json]
[www.rethinkbehavioralhealth.com/wp-json/oembed/1.0/embed3b45]
[www.rethinkbehavioralhealth.com/wp-content/uploads/2023/07/portia-james-founder-ceo-behavior-genius.jpg]
[www.rethinkbehavioralhealth.com/resources/radical-values-impacts-misaligned-values-aba-professionals/index.html]
[www.rethinkbehavioralhealth.com/wp-json/wp/v2/resources/15512.json]
[www.rethinkbehavioralhealth.com/wp-json/oembed/1.0/embeddc59.json]
[www.rethinkbehavioralhealth.com/resources/tips-for-a-successful-summer-aba-therapy-program-a-guide-for-providers/index.html]
[www.rethinkbehavioralhealth.com/wp-json/oembed/1.0/embed1b46]
[www.rethinkbehavioralhealth.com/wp-json/wp/v2/resources/15508.json]
[www.rethinkbehavioralhealth.com/wp-json/oembed/1.0/embed6aff.json]
[www.rethinkbehavioralhealth.com/resources/creating-aba-therapy-resources-parents-summer-toolkit/index.html]
[www.rethinkbehavioralhealth.com/wp-json/oembed/1.0/embed4e23]
[www.rethinkbehavioralhealth.com/wp-content/uploads/elementor/css/post-15581752f.css]
[www.rethinkbehavioralhealth.com/wp-json/wp/v2/resources/15581.json]
[www.rethinkbehavioralhealth.com/resources/5-tips-to-prepare-kids-for-fireworks-fireworks-and-autism/index.html]
[www.rethinkbehavioralhealth.com/wp-json/oembed/1.0/embedce4d.json]
[www.rethinkbehavioralhealth.com/wp-json/oembed/1.0/embed4467]
[www.rethinkbehavioralhealth.com/wp-content/uploads/2023/06/dr-keith-williams.jpg]
[www.rethinkbehavioralhealth.com/resources/selective-eating-among-children-asd/index.html]
[www.rethinkbehavioralhealth.com/resource-topic/special-education/index.html]
[www.rethinkbehavioralhealth.com/wp-json/wp/v2/resources/15461.json]
[www.rethinkbehavioralhealth.com/wp-json/oembed/1.0/embedd3b9.json]
[www.rethinkbehavioralhealth.com/resources/practical-guide-ceu-requirements-bcbas-bcabas/index.html]
[www.rethinkbehavioralhealth.com/wp-json/oembed/1.0/embed4c52]
[www.rethinkbehavioralhealth.com/wp-content/uploads/elementor/css/post-15423752f.css]
[www.rethinkbehavioralhealth.com/resources/thinking-big-picture-promoting-quality-in-aba-services/index.html]
[www.rethinkbehavioralhealth.com/wp-json/wp/v2/resources/15423.json]
[www.rethinkbehavioralhealth.com/wp-json/oembed/1.0/embed4848.json]
[www.rethinkbehavioralhealth.com/wp-json/oembed/1.0/embede200]
[www.rethinkbehavioralhealth.com/wp-content/uploads/2023/05/dr-peter-gerhardt-our-next-guest-rethinkbh.jpg]
[www.rethinkbehavioralhealth.com/resources/supporting-more-positive-quality-life-autistic-adolescents-adults/index.html]
[www.rethinkbehavioralhealth.com/wp-json/wp/v2/resources/15403.json]
[www.rethinkbehavioralhealth.com/wp-json/oembed/1.0/embed0d2a.json]
[www.rethinkbehavioralhealth.com/wp-json/oembed/1.0/embede107]
[www.rethinkbehavioralhealth.com/wp-content/uploads/2023/03/dr-david-cox-phd-msb-bcbad-rethinkfutures-data-science.jpg]
[www.rethinkbehavioralhealth.com/resources/artificial-intelligence-ai-in-applied-behavior-analysis-aba/index.html]
[www.rethinkbehavioralhealth.com/authors/dr-david-cox-phd-msb-bcbad/index.html]
[www.rethinkbehavioralhealth.com/wp-content/uploads/elementor/css/post-154189e8f.css]
[www.rethinkbehavioralhealth.com/wp-json/wp/v2/resources/15418.json]
[www.rethinkbehavioralhealth.com/wp-json/oembed/1.0/embedcd20.json]
[www.rethinkbehavioralhealth.com/wp-json/oembed/1.0/embede241]
[www.rethinkbehavioralhealth.com/wp-content/uploads/2023/04/dr-linda-leblanc-rethinkbh-our-next-guest.jpg]
[www.rethinkbehavioralhealth.com/resources/importance-relationships-practice-behavior-analysis/index.html]
[www.rethinkbehavioralhealth.com/wp-json/wp/v2/resources/15275.json]
[www.rethinkbehavioralhealth.com/wp-json/oembed/1.0/embed0e26.json]
[www.rethinkbehavioralhealth.com/wp-json/oembed/1.0/embedd4bc]
[www.rethinkbehavioralhealth.com/wp-content/uploads/2023/11/pete-polgar-glenmont-consulting.jpg]
[www.rethinkbehavioralhealth.com/resources/how-to-optimize-an-aba-therapy-practice-for-local-seo/index.html]
[www.rethinkbehavioralhealth.com/wp-json/wp/v2/resources/15169.json]
[www.rethinkbehavioralhealth.com/wp-json/oembed/1.0/embedb74c.json]
[www.rethinkbehavioralhealth.com/authors/pete-polgar/index.html]
[www.rethinkbehavioralhealth.com/resources/6-evidence-based-practices-aba-organizations-implement-improve-services/index.html]
[www.rethinkbehavioralhealth.com/wp-json/oembed/1.0/embed3417]
[www.rethinkbehavioralhealth.com/resource-topic/industry-news/index.html]
[www.rethinkbehavioralhealth.com/wp-content/uploads/elementor/css/post-151609e8f.css]
[www.rethinkbehavioralhealth.com/wp-json/wp/v2/resources/15160.json]
[www.rethinkbehavioralhealth.com/wp-json/oembed/1.0/embed829b.json]
[www.rethinkbehavioralhealth.com/wp-json/oembed/1.0/embedbddf]
[www.rethinkbehavioralhealth.com/wp-content/uploads/2023/02/dr-dennis-reid.jpg]
[www.rethinkbehavioralhealth.com/resources/strategies-maximizing-productivity-work-enjoyment-human-services/index.html]
[www.rethinkbehavioralhealth.com/wp-content/cache/min/1/wp-content/plugins/jet-smart-filters/assets/css/publicd56c.css]
[www.rethinkbehavioralhealth.com/wp-includes/css/dist/block-library/style.min6c2d.css]
[www.rethinkbehavioralhealth.com/wp-content/uploads/elementor/css/post-11177aaa7.css]
[www.rethinkbehavioralhealth.com/wp-content/uploads/elementor/css/post-10858aaa7.css]
[www.rethinkbehavioralhealth.com/wp-content/uploads/2023/01/behavior-analysis-diversity-expanding-our-workforce-webinar.jpg]
[www.rethinkbehavioralhealth.com/wp-content/uploads/2023/01/sexuality-the-spectrum-lessons-aba-dating-love-autism-style.jpg]
[www.rethinkbehavioralhealth.com/resources/how-build-good-behavior-self-esteem-children/index.html]
[www.rethinkbehavioralhealth.com/wp-content/uploads/2022/10/build-good-behavior-self-esteem-children.jpg]
[www.rethinkbehavioralhealth.com/resources/behavior-analysis-diversity-expanding-workforce-webinar/index.html]
[www.rethinkbehavioralhealth.com/wp-content/uploads/2022/10/lets-make-contract-positive-way-change-childs-behavior.jpg]
[www.rethinkbehavioralhealth.com/resources/our-next-guest-conversation-bridget-taylor-jill-dardig-bill-heward/index.html]
[www.rethinkbehavioralhealth.com/resources/sexuality-and-the-spectrum-webinar/index.html]
[www.rethinkbehavioralhealth.com/wp-content/uploads/2022/08/elevate-your-supervision-5-tips-aba-providers.jpg]
[www.rethinkbehavioralhealth.com/wp-content/uploads/2022/03/power-compassion-supporting-families-children-asd.jpg]
[www.rethinkbehavioralhealth.com/wp-content/uploads/2022/02/rethink-acquires-totaltherapy-live-qa.jpg]
[www.rethinkbehavioralhealth.com/resources/rethink-acquires-totaltherapy-live-qa/index.html]
[www.rethinkbehavioralhealth.com/wp-content/uploads/2021/11/unlocking-vb-mapp-expert-tips-insights-video-rethinkbh-webinar.png]
[www.rethinkbehavioralhealth.com/wp-content/uploads/2021/07/teaching-safety-skills-to-individuals-with-autism-webinar-rethinkbh-webinar.png]
[www.rethinkbehavioralhealth.com/wp-content/uploads/2021/04/enhancing-collaboration-during-parent-training-rethinkbh-webinar.png]
[www.rethinkbehavioralhealth.com/wp-content/uploads/2020/12/teaching-multiply-controlled-intraverbal-behavior-rethinkbh-webinar.png]
[www.rethinkbehavioralhealth.com/wp-content/uploads/2020/11/using-technology-boost-efficiency-profitability-your-behavioral-health-practice-webinar.jpg]
[www.rethinkbehavioralhealth.com/resources/teaching-multiply-controlled-intraverbal-behavior-webinar/index.html]
[www.rethinkbehavioralhealth.com/wp-content/plugins/jet-smart-filters/assets/css/public0527.css]
[www.rethinkbehavioralhealth.com/wp-content/plugins/jet-engine/assets/js/frontend3430.js]
[www.rethinkbehavioralhealth.com/resources/indexb6f0.html]
[www.rethinkbehavioralhealth.com/wp-content/plugins/jet-smart-filters/assets/js/public0527.js]
[www.rethinkbehavioralhealth.com/wp-content/uploads/elementor/css/post-111789e1e.css]
[www.rethinkbehavioralhealth.com/wp-json/wp/v2/news/21215.json]
[www.rethinkbehavioralhealth.com/wp-json/oembed/1.0/embed1bde.json]
[www.rethinkbehavioralhealth.com/news-events/rethinkbh-debuts-enhanced-analytics-optimize-aba-clinical-programming-practice-management/index.html]
[www.rethinkbehavioralhealth.com/wp-json/oembed/1.0/embed9bd7]
[www.rethinkbehavioralhealth.com/wp-json/wp/v2/news/20452.json]
[www.rethinkbehavioralhealth.com/wp-json/oembed/1.0/embedf1ca.json]
[www.rethinkbehavioralhealth.com/news-events/rethinkbh-attend-behavior-collaborate/index.html]
[www.rethinkbehavioralhealth.com/wp-json/oembed/1.0/embed34e5]
[www.rethinkbehavioralhealth.com/wp-json/wp/v2/news/20198.json]
[www.rethinkbehavioralhealth.com/wp-json/oembed/1.0/embedf13c.json]
[www.rethinkbehavioralhealth.com/news-events/rethinkbh-integration-seamless-access-autism-analytica/index.html]
[www.rethinkbehavioralhealth.com/wp-json/oembed/1.0/embedbf59]
[www.rethinkbehavioralhealth.com/wp-content/uploads/elementor/css/post-17283752f.css]
[www.rethinkbehavioralhealth.com/wp-json/wp/v2/news/17283.json]
[www.rethinkbehavioralhealth.com/wp-json/oembed/1.0/embedd468.json]
[www.rethinkbehavioralhealth.com/wp-json/oembed/1.0/embedca46]
[www.rethinkbehavioralhealth.com/wp-content/uploads/2023/10/faba-happy-hour-rethinkbh.jpg]
[www.rethinkbehavioralhealth.com/wp-content/uploads/2023/10/kelsey-larson-customer-success-manager-rethinkbh.jpg]
[www.rethinkbehavioralhealth.com/wp-content/uploads/2023/10/pumpkin.webp]
[www.rethinkbehavioralhealth.com/wp-content/uploads/2023/10/steps-success-build-policies-procedures-templates-aba-business-rethinkbh.jpg]
[www.rethinkbehavioralhealth.com/wp-content/uploads/2023/10/dr-john-austin-rethinkbh-webinar.jpg]
[www.rethinkbehavioralhealth.com/wp-content/uploads/2023/10/rethinkbh-aba-conferences-autism-law-summit-nysaba-labaa-ignite.jpg]
[www.rethinkbehavioralhealth.com/wp-content/uploads/2023/02/aba-after-hours-podcast-presented-by-rethink-behavioral-health.jpg]
[www.rethinkbehavioralhealth.com/news-events/newsletter-oct-2023-vol-10-23/index.html]
[www.rethinkbehavioralhealth.com/wp-content/uploads/elementor/css/post-16557752f.css]
[www.rethinkbehavioralhealth.com/wp-json/wp/v2/news/16557.json]
[www.rethinkbehavioralhealth.com/wp-json/oembed/1.0/embeda84d.json]
[www.rethinkbehavioralhealth.com/wp-json/oembed/1.0/embed1aa4]
[www.rethinkbehavioralhealth.com/wp-content/uploads/2023/08/gareth-bentley-customer-support-coordinator-rethinkbh.jpg]
[www.rethinkbehavioralhealth.com/wp-content/uploads/2023/08/apple.png]
[www.rethinkbehavioralhealth.com/resources/cultural-humility-from-clinical-practices-to-parent-training/index.html]
[www.rethinkbehavioralhealth.com/wp-content/uploads/2023/08/meet-us-at-faba-2023-rethinkbh.jpg]
[www.rethinkbehavioralhealth.com/news-events/newsletter-sep-2023-vol-9-23/index.html]
[www.rethinkbehavioralhealth.com/wp-content/uploads/elementor/css/post-17915752f.css]
[www.rethinkbehavioralhealth.com/wp-json/wp/v2/news/17915.json]
[www.rethinkbehavioralhealth.com/wp-json/oembed/1.0/embede1d4.json]
[www.rethinkbehavioralhealth.com/wp-json/oembed/1.0/embed967c]
[www.rethinkbehavioralhealth.com/wp-content/uploads/2023/08/jamie-pagliaro-women-behavior-analysis-conference.jpg]
[www.rethinkbehavioralhealth.com/wp-content/uploads/2023/08/seashells-starfish.png]
[www.rethinkbehavioralhealth.com/wp-content/uploads/2023/08/behaviorlive-button.png]
[www.rethinkbehavioralhealth.com/news-events/newsletter-aug-2023-vol-8-23/index.html]
[www.rethinkbehavioralhealth.com/wp-content/uploads/elementor/css/post-17907752f.css]
[www.rethinkbehavioralhealth.com/wp-json/wp/v2/news/17907.json]
[www.rethinkbehavioralhealth.com/wp-json/oembed/1.0/embedac6d.json]
[www.rethinkbehavioralhealth.com/wp-json/oembed/1.0/embed36f5]
[www.rethinkbehavioralhealth.com/wp-content/uploads/2023/07/employee-spotlight-joy-helsel-customer-success-manager.jpg]
[www.rethinkbehavioralhealth.com/resources/dont-just-be-aware-autism-acceptance-month/index.html]
[www.rethinkbehavioralhealth.com/wp-content/uploads/2023/07/july-20230-events.png]
[www.rethinkbehavioralhealth.com/wp-content/uploads/2023/07/melissa-druskis-founder-ceo-abc-behavior-training.jpg]
[www.rethinkbehavioralhealth.com/wp-content/uploads/2023/07/women-behavior-analysis-2023-proud-supporter.png]
[www.rethinkbehavioralhealth.com/news-events/newsletter-july-2023-vol-7-23/index.html]
[www.rethinkbehavioralhealth.com/wp-content/uploads/elementor/css/post-17899752f.css]
[www.rethinkbehavioralhealth.com/wp-json/wp/v2/news/17899.json]
[www.rethinkbehavioralhealth.com/wp-json/oembed/1.0/embedeb4f.json]
[www.rethinkbehavioralhealth.com/wp-json/oembed/1.0/embed40f8]
[www.rethinkbehavioralhealth.com/wp-content/uploads/2023/06/customer-appreciation-happy-hour-during-abai-conference-denver-rethinkbh.jpg]
[www.rethinkbehavioralhealth.com/wp-content/uploads/2023/06/rethinkbh-employee-spotlight-danielle-deschamps-customer-support-trainer.jpg]
[www.rethinkbehavioralhealth.com/wp-content/uploads/2023/06/sun.webp]
[www.rethinkbehavioralhealth.com/wp-content/uploads/2023/06/black-applied-behavior-analysts-logo.png]
[www.rethinkbehavioralhealth.com/wp-content/uploads/2023/06/embracing-data-cornerstone-aba-therapy-practice.jpg]
[www.rethinkbehavioralhealth.com/wp-content/uploads/2023/06/leveraging-practice-management-technology-aba-therapy.jpg]
[www.rethinkbehavioralhealth.com/wp-content/uploads/2023/06/interstellar-journey-building-aba-therapy-practice.jpg]
[www.rethinkbehavioralhealth.com/news-events/newsletter-june-2023-vol-6-23/index.html]
[www.rethinkbehavioralhealth.com/wp-content/uploads/elementor/css/post-17891752f.css]
[www.rethinkbehavioralhealth.com/wp-json/wp/v2/news/17891.json]
[www.rethinkbehavioralhealth.com/wp-json/oembed/1.0/embede219.json]
[www.rethinkbehavioralhealth.com/wp-json/oembed/1.0/embed1635]
[www.rethinkbehavioralhealth.com/wp-content/uploads/2023/05/10k-challenge-autism-awareness-acceptance-month-campaign-rethinkbh.png]
[www.rethinkbehavioralhealth.com/wp-content/uploads/2023/05/employee-spotlight-james-mackay-strategic-marketing-manager-rethinkbh.jpg]
[www.rethinkbehavioralhealth.com/wp-content/uploads/2023/05/may-2023-rethinkbh-events.png]
[www.rethinkbehavioralhealth.com/wp-content/uploads/2023/05/kim-finger-founder-ceo-aba-building-blocks-1.png]
[www.rethinkbehavioralhealth.com/wp-content/uploads/2023/05/abai-denver-colorado.png]
[www.rethinkbehavioralhealth.com/wp-content/uploads/2023/05/happy-hour-effects-of-medical-necessity-review-tool-on-clinical-operational-outcomes-tampa.png]
[www.rethinkbehavioralhealth.com/news-events/newsletter-may-2023-vol-5-23/index.html]
[www.rethinkbehavioralhealth.com/wp-content/uploads/elementor/css/post-178839e8f.css]
[www.rethinkbehavioralhealth.com/wp-json/wp/v2/news/17883.json]
[www.rethinkbehavioralhealth.com/wp-json/oembed/1.0/embed1d99.json]
[www.rethinkbehavioralhealth.com/wp-json/oembed/1.0/embed9f3f]
[www.rethinkbehavioralhealth.com/wp-content/uploads/2023/04/translating-medical-necessity-criteria-aba-providers-rethinkbh.jpg]
[www.rethinkbehavioralhealth.com/wp-content/uploads/2023/04/michael-magne-customer-success-manager-rethinkbh-employee-spotlight.jpg]
[www.rethinkbehavioralhealth.com/wp-content/uploads/2023/02/events-newsletter-rethinkbh.png]
[www.rethinkbehavioralhealth.com/wp-content/uploads/2023/04/autism-acceptance-awareness-month.jpg]
[www.rethinkbehavioralhealth.com/wp-content/uploads/2023/04/rethinkbh-open-training-series.png]
[www.rethinkbehavioralhealth.com/wp-content/uploads/2023/04/casp-council-autism-service-providers.jpg]
[www.rethinkbehavioralhealth.com/wp-content/uploads/2023/04/txaba-logo.jpg]
[www.rethinkbehavioralhealth.com/wp-content/uploads/2023/04/rethinkbh-survey-ethics-ai-aba-300x300.jpg]
[www.rethinkbehavioralhealth.com/wp-content/uploads/2023/04/our-next-guest-speakers-rethinkbh.jpg]
[www.rethinkbehavioralhealth.com/news-events/newsletter-april-2023-vol-4-23/index.html]
[www.rethinkbehavioralhealth.com/wp-content/uploads/elementor/css/post-178709e8f.css]
[www.rethinkbehavioralhealth.com/resources/index3e8c.html]
[www.rethinkbehavioralhealth.com/wp-json/wp/v2/news/17870.json]
[www.rethinkbehavioralhealth.com/wp-json/oembed/1.0/embedad9d.json]
[www.rethinkbehavioralhealth.com/wp-json/oembed/1.0/embedf352]
[www.rethinkbehavioralhealth.com/wp-content/uploads/2023/02/employee-spotlight-fernando-orfila-vp-product-rethinkbh.jpg]
[www.rethinkbehavioralhealth.com/wp-content/uploads/2023/02/events-newsletter-rethinkbh-300x257.png]
[www.rethinkbehavioralhealth.com/wp-content/uploads/2023/02/aba-foundations-building-foundations-life.jpg]
[www.rethinkbehavioralhealth.com/wp-content/uploads/2023/02/translating-medical-necessity-criteria-aba-providers-apba-conference.jpg]
[www.rethinkbehavioralhealth.com/news-events/newsletter-march-2023-vol-3-23/index.html]
[www.rethinkbehavioralhealth.com/wp-content/cache/min/1/wp-content/plugins/jet-elements/assets/css/addons/jet-button5d46.css]
[www.rethinkbehavioralhealth.com/wp-content/cache/min/1/wp-content/plugins/jet-elements/assets/css/skin/jet-button5d46.css]
[www.rethinkbehavioralhealth.com/wp-content/uploads/elementor/css/post-20729ea5.css]
[www.rethinkbehavioralhealth.com/indexd19f.html]
[www.rethinkbehavioralhealth.com/wp-content/uploads/2023/02/rethinkbh-logo.svg]
[www.rethinkbehavioralhealth.com/wp-content/uploads/2023/02/rethinked-logo.svg]
[www.rethinkbehavioralhealth.com/wp-content/uploads/2023/02/rethinkcare-logo.svg]
[www.rethinkbehavioralhealth.com/wp-content/uploads/2022/02/mark-logo.svg]
[www.rethinkbehavioralhealth.com/wp-content/uploads/elementor/css/post-10854cb2d.css]
[www.rethinkbehavioralhealth.com/wp-content/uploads/elementor/css/post-3092cb2d.css]
[www.rethinkbehavioralhealth.com/wp-content/uploads/elementor/css/post-3079cb2d.css]
[www.rethinkbehavioralhealth.com/wp-json/wp/v2/team/23490.json]
[www.rethinkbehavioralhealth.com/wp-json/oembed/1.0/embed233e.json]
[www.rethinkbehavioralhealth.com/team/matt-stevens/index.html]
[www.rethinkbehavioralhealth.com/wp-json/oembed/1.0/embede95e]
[www.rethinkbehavioralhealth.com/wp-json/wp/v2/team/3541.json]
[www.rethinkbehavioralhealth.com/wp-json/oembed/1.0/embed74fa.json]
[www.rethinkbehavioralhealth.com/team/stefanie-mccully/index.html]
[www.rethinkbehavioralhealth.com/wp-json/oembed/1.0/embedbf58]
[www.rethinkbehavioralhealth.com/wp-json/wp/v2/team/3538.json]
[www.rethinkbehavioralhealth.com/wp-json/oembed/1.0/embed4572.json]
[www.rethinkbehavioralhealth.com/team/christopher-macaloon/index.html]
[www.rethinkbehavioralhealth.com/wp-json/oembed/1.0/embed0017]
[www.rethinkbehavioralhealth.com/wp-json/wp/v2/team/3553.json]
[www.rethinkbehavioralhealth.com/wp-json/oembed/1.0/embedf6b4.json]
[www.rethinkbehavioralhealth.com/team/brittney-kalicki/index.html]
[www.rethinkbehavioralhealth.com/wp-json/oembed/1.0/embed87f6]
[www.rethinkbehavioralhealth.com/wp-json/wp/v2/team/9512.json]
[www.rethinkbehavioralhealth.com/wp-json/oembed/1.0/embedf7b7.json]
[www.rethinkbehavioralhealth.com/authors/brittney-kalicki-med-bcba/index.html]
[www.rethinkbehavioralhealth.com/team/betsy-chappelle/index.html]
[www.rethinkbehavioralhealth.com/wp-json/oembed/1.0/embed900e]
[www.rethinkbehavioralhealth.com/wp-json/wp/v2/team/3547.json]
[www.rethinkbehavioralhealth.com/wp-json/oembed/1.0/embede4f8.json]
[www.rethinkbehavioralhealth.com/team/dustin-carter/index.html]
[www.rethinkbehavioralhealth.com/wp-json/oembed/1.0/embed0035]
[www.rethinkbehavioralhealth.com/wp-json/wp/v2/team/11033.json]
[www.rethinkbehavioralhealth.com/wp-json/oembed/1.0/embed1724.json]
[www.rethinkbehavioralhealth.com/team/margarita-burakov/index.html]
[www.rethinkbehavioralhealth.com/wp-json/oembed/1.0/embed4378]
[www.rethinkbehavioralhealth.com/wp-json/wp/v2/team/11040.json]
[www.rethinkbehavioralhealth.com/wp-json/oembed/1.0/embed58f4.json]
[www.rethinkbehavioralhealth.com/team/shlomi-rosenzweig/index.html]
[www.rethinkbehavioralhealth.com/wp-content/uploads/2022/02/logo-rethinkfirst-tagline.svg]
[www.rethinkbehavioralhealth.com/wp-json/oembed/1.0/embed787c]
[www.rethinkbehavioralhealth.com/wp-content/uploads/elementor/css/post-1081cb2d.css]
[www.rethinkbehavioralhealth.com/wp-content/uploads/2022/02/form-waves.svg]
[www.rethinkbehavioralhealth.com/wp-content/uploads/elementor/css/post-30979ad4.css]
[www.rethinkbehavioralhealth.com/wp-content/uploads/elementor/css/post-8559490a.css]
[www.rethinkbehavioralhealth.com/indexf0b7.html]
[www.rethinkbehavioralhealth.com/wp-content/uploads/2022/03/icon-arrow-orange.svg]
[www.rethinkbehavioralhealth.com/wp-content/plugins/elementor-pro/assets/css/widget-post-info.min5759.css]
[www.rethinkbehavioralhealth.com/wp-content/cache/min/1/wp-content/plugins/elementor/assets/lib/swiper/v8/css/swiper.mindeef.css]
[www.rethinkbehavioralhealth.com/wp-content/plugins/elementor/assets/css/conditionals/e-swiper.min5759.css]
[www.rethinkbehavioralhealth.com/wp-content/plugins/elementor-pro/assets/css/widget-share-buttons.min5759.css]
[www.rethinkbehavioralhealth.com/wp-content/uploads/elementor/css/post-2329960e6.css]
[www.rethinkbehavioralhealth.com/wp-content/uploads/elementor/css/post-11176ebbc.css]
[www.rethinkbehavioralhealth.com/wp-content/uploads/elementor/css/post-16338ebbc.css]
[www.rethinkbehavioralhealth.com/index5b15.html]
[www.rethinkbehavioralhealth.com/wp-content/uploads/2022/02/icon-quote.svg]
[www.rethinkbehavioralhealth.com/wp-content/uploads/elementor/css/post-15533b898.css]
[www.rethinkbehavioralhealth.com/resource-topic/aba/feed/index.html]
[www.rethinkbehavioralhealth.com/wp-json/wp/v2/resource-topic/327.json]
[www.rethinkbehavioralhealth.com/wp-content/uploads/2022/10/california-bill-ab-2581-less-delays-more-helping-families.jpg]
[www.rethinkbehavioralhealth.com/resource-topic/aba/index.html]
[www.rethinkbehavioralhealth.com/resource-topic/aba/page/2/index.html]
[www.rethinkbehavioralhealth.com/resources/california-bill-ab-2581-less-hiring-delays-more-helping-families-mental-health-services/index.html]
[www.rethinkbehavioralhealth.com/wp-json/wp/v2/resource-topic/97.json]
[www.rethinkbehavioralhealth.com/resource-topic/autism/feed/index.html]
[www.rethinkbehavioralhealth.com/wp-content/uploads/2022/09/leveraging-organizational-behavior-management-enhance-practice-observation-measurement-indicators-success.jpg]
[www.rethinkbehavioralhealth.com/resource-topic/autism/page/2/index.html]
[www.rethinkbehavioralhealth.com/wp-content/uploads/2022/04/world-autism-awareness.png]
[www.rethinkbehavioralhealth.com/wp-content/uploads/2021/10/halloween-guide-children-on-autism-spectrum.jpg]
[www.rethinkbehavioralhealth.com/wp-content/uploads/2021/07/5-tips-prepare-kids-fireworks-autism.jpg]
[www.rethinkbehavioralhealth.com/wp-content/uploads/2021/04/medical-ncessity-assessment-rethinkbh-press-release.png]
[www.rethinkbehavioralhealth.com/resources/halloween-guide-for-children-on-the-autism-spectrum/index.html]
[www.rethinkbehavioralhealth.com/wp-content/uploads/2020/06/teaching-learners-autism-cooperate-wearing-masks-rethinkbh-webinar.png]
[www.rethinkbehavioralhealth.com/resources/teaching-learners-with-autism-to-cooperate-with-wearing-masks-video/index.html]
[www.rethinkbehavioralhealth.com/wp-content/uploads/2020/03/aba-telehealth-webinar-how-to-support-families-remotely.jpg]
[www.rethinkbehavioralhealth.com/resources/aba-telehealth-webinar-how-to-support-families-remotely/index.html]
[www.rethinkbehavioralhealth.com/resources/translating-medical-necessity-criteria-for-aba-providers/index.html]
[www.rethinkbehavioralhealth.com/wp-content/uploads/2020/03/translating-medical-necessity-criteria-aba-providers.png]
[www.rethinkbehavioralhealth.com/wp-content/uploads/2022/04/social-media-platforms-for-aba-therapy.jpg]
[www.rethinkbehavioralhealth.com/resource-topic/autism/index.html]
[www.rethinkbehavioralhealth.com/wp-json/wp/v2/resource-topic/329.json]
[www.rethinkbehavioralhealth.com/resource-topic/behavior/feed/index.html]
[www.rethinkbehavioralhealth.com/wp-content/uploads/2022/07/key-to-successful-talent-management-lies-in-behavioral-health.jpg]
[www.rethinkbehavioralhealth.com/resource-topic/behavior/page/2/index.html]
[www.rethinkbehavioralhealth.com/resources/easy-habits-to-build-team-culture/index.html]
[www.rethinkbehavioralhealth.com/wp-content/uploads/2022/04/Easy-Habits-to-Build-Team-Culture.jpg]
[www.rethinkbehavioralhealth.com/resource-topic/behavior/index.html]
[www.rethinkbehavioralhealth.com/resources/key-to-successful-talent-management-behavioral-health/index.html]
[www.rethinkbehavioralhealth.com/wp-json/wp/v2/resource-topic/69.json]
[www.rethinkbehavioralhealth.com/resource-topic/business/feed/index.html]
[www.rethinkbehavioralhealth.com/wp-content/uploads/2022/09/5-cyber-threats-therapy-practices.jpg]
[www.rethinkbehavioralhealth.com/wp-content/uploads/2022/05/create-culture-around-receiving-feedback.jpg]
[www.rethinkbehavioralhealth.com/resources/using-technology-to-build-team-culture-even-remotely/index.html]
[www.rethinkbehavioralhealth.com/resource-topic/business/page/2/index.html]
[www.rethinkbehavioralhealth.com/resources/create-a-culture-around-receiving-feedback/index.html]
[www.rethinkbehavioralhealth.com/wp-content/uploads/2022/03/how-use-technology-build-team-culture-even-remotely.jpg]
[www.rethinkbehavioralhealth.com/wp-content/uploads/2022/02/three-reasons-why-team-culture-matters.jpg]
[www.rethinkbehavioralhealth.com/resources/three-reasons-why-team-culture-matters/index.html]
[www.rethinkbehavioralhealth.com/wp-content/uploads/2022/02/5-reasons-moving-away-from-pencil-paper-manual-documentation.jpg]
[www.rethinkbehavioralhealth.com/resource-topic/business/index.html]
[www.rethinkbehavioralhealth.com/wp-json/wp/v2/resource-topic/335.json]
[www.rethinkbehavioralhealth.com/resource-topic/practice-management/feed/index.html]
[www.rethinkbehavioralhealth.com/wp-content/uploads/2023/11/write-soap-notes-efficiently-slps-ots-pts-therapists-rethinkbh.jpg]
[www.rethinkbehavioralhealth.com/wp-content/uploads/2020/11/electronic-visit-verification-evv-billing-florida-medicaid-webinar-modified.jpg]
[www.rethinkbehavioralhealth.com/wp-content/uploads/2020/11/what-is-evv-why-is-it-important.jpg]
[www.rethinkbehavioralhealth.com/resources/what-is-electronic-visit-verification-evv-why-is-it-important/index.html]
[www.rethinkbehavioralhealth.com/resources/electronic-visit-verification-evv-for-billing-florida-medicaid-webinar/index.html]
[www.rethinkbehavioralhealth.com/wp-content/uploads/2022/04/ABA-Therapy-Claims-Billing.jpg]
[www.rethinkbehavioralhealth.com/resources/aba-therapy-billing-services-from-rethink/index.html]
[www.rethinkbehavioralhealth.com/wp-content/uploads/2019/08/10-things-you-should-know-before-starting-an-aba-practice.jpg]
[www.rethinkbehavioralhealth.com/resources/10-things-you-should-know-before-starting-an-aba-practice/index.html]
[www.rethinkbehavioralhealth.com/wp-content/uploads/2018/10/translating-mnc-aba-providers-working-health-plans-part-2.jpg]
[www.rethinkbehavioralhealth.com/resources/translating-medical-necessity-criteria-mnc-for-aba-providers-working-with-health-plans-part-2/index.html]
[www.rethinkbehavioralhealth.com/resources/translating-medically-necessity-criteria-mnc-for-aba-providers-working-with-health-plans/index.html]
[www.rethinkbehavioralhealth.com/wp-content/uploads/2018/02/translating-mnc-aba-providers-working-health-plans.jpg]
[www.rethinkbehavioralhealth.com/wp-content/uploads/2018/01/thinking-big-picture-promoting-quality-aba-services.jpg]
[www.rethinkbehavioralhealth.com/resource-topic/practice-management/index.html]
[www.rethinkbehavioralhealth.com/wp-content/uploads/elementor/css/post-182089e8f.css]
[www.rethinkbehavioralhealth.com/wp-json/wp/v2/resources/18208.json]
[www.rethinkbehavioralhealth.com/wp-json/oembed/1.0/embedbce8.json]
[www.rethinkbehavioralhealth.com/wp-json/oembed/1.0/embed7ac1]
[www.rethinkbehavioralhealth.com/wp-content/uploads/2023/11/olga-goncharov-ma-ccc-slp.jpg]
[www.rethinkbehavioralhealth.com/resources/write-soap-notes-efficiently-slps-ots-pts-therapists/index.html]
[www.rethinkbehavioralhealth.com/authors/olga-goncharov-m-a-ccc-slp/index.html]
[www.rethinkbehavioralhealth.com/wp-content/uploads/2019/01/10-tips-motivating-retaining-aba-staff.jpg]
[www.rethinkbehavioralhealth.com/resource-topic/mental-health/index.html]
[www.rethinkbehavioralhealth.com/wp-json/wp/v2/resources/9202.json]
[www.rethinkbehavioralhealth.com/wp-json/oembed/1.0/embedf335.json]
[www.rethinkbehavioralhealth.com/resources/10-tips-for-motivating-and-retaining-staff/index.html]
[www.rethinkbehavioralhealth.com/wp-json/oembed/1.0/embed84c8]
[www.rethinkbehavioralhealth.com/wp-content/uploads/elementor/css/post-920498d7.css]
[www.rethinkbehavioralhealth.com/wp-json/wp/v2/resources/9204.json]
[www.rethinkbehavioralhealth.com/wp-json/oembed/1.0/embed2191.json]
[www.rethinkbehavioralhealth.com/wp-json/oembed/1.0/embed3166]
[www.rethinkbehavioralhealth.com/wp-content/uploads/2018/11/new-category-1-cpt-codes-aba-services.jpg]
[www.rethinkbehavioralhealth.com/resources/new-category-1-cpt-codes-aba-services/index.html]
[www.rethinkbehavioralhealth.com/wp-content/uploads/2022/10/reduce-bcba-rbt-burnout-yourself.jpg]
[www.rethinkbehavioralhealth.com/wp-content/uploads/elementor/css/post-93133e8d.css]
[www.rethinkbehavioralhealth.com/wp-json/wp/v2/resources/9313.json]
[www.rethinkbehavioralhealth.com/wp-json/oembed/1.0/embedad73.json]
[www.rethinkbehavioralhealth.com/resources/prevent-bcba-rbt-burnout/index.html]
[www.rethinkbehavioralhealth.com/wp-json/oembed/1.0/embedf20a]
[www.rethinkbehavioralhealth.com/wp-content/uploads/2022/04/technology-girl-home-woman-laptop-computer-internet-remote-session.jpg]
[www.rethinkbehavioralhealth.com/wp-content/uploads/elementor/css/post-9254471c.css]
[www.rethinkbehavioralhealth.com/wp-json/wp/v2/resources/9254.json]
[www.rethinkbehavioralhealth.com/wp-json/oembed/1.0/embed562c.json]
[www.rethinkbehavioralhealth.com/wp-json/oembed/1.0/embed3517]
[glenmont.cdn.spotlightr.com/assets/spotlightr.js]
[www.rethinkbehavioralhealth.com/resources/complete-guide-resources-for-telehealth-in-aba-therapy/index.html]
[www.rethinkbehavioralhealth.com/wp-content/uploads/elementor/css/post-924668a6.css]
[www.rethinkbehavioralhealth.com/wp-json/wp/v2/resources/9246.json]
[www.rethinkbehavioralhealth.com/wp-json/oembed/1.0/embedc0ce.json]
[www.rethinkbehavioralhealth.com/resources/best-social-media-platforms-for-your-aba-therapy-business/index.html]
[www.rethinkbehavioralhealth.com/wp-content/plugins/elementor-pro/assets/css/widget-blockquote.min5759.css]
[www.rethinkbehavioralhealth.com/wp-content/uploads/elementor/css/post-2267760e6.css]
[www.rethinkbehavioralhealth.com/index888a.html]
[www.rethinkbehavioralhealth.com/wp-json/oembed/1.0/embed331c]
[www.rethinkbehavioralhealth.com/wp-json/wp/v2/resource-topic/109.json]
[www.rethinkbehavioralhealth.com/resource-topic/children/feed/index.html]
[www.rethinkbehavioralhealth.com/wp-content/uploads/2020/11/cultural-humility-clinical-practices-to-parent-training.jpg]
[www.rethinkbehavioralhealth.com/wp-content/uploads/2020/11/enjoying-holidays-during-pandemic-rethinkbh-article.png]
[www.rethinkbehavioralhealth.com/wp-content/uploads/2019/04/liability-insurance-basics-current-claim-trends-aba-therapy-rethinkbh.jpg]
[www.rethinkbehavioralhealth.com/resource-topic/children/index.html]
[www.rethinkbehavioralhealth.com/resources/enjoying-the-holidays-during-a-pandemic/index.html]
[www.rethinkbehavioralhealth.com/wp-json/wp/v2/resource-topic/86.json]
[www.rethinkbehavioralhealth.com/resource-topic/tips-tools-tech/feed/index.html]
[www.rethinkbehavioralhealth.com/wp-content/uploads/2021/12/best-practice-guidelines-clinical-implementation-rethinkbh-webinar.png]
[www.rethinkbehavioralhealth.com/wp-content/uploads/2022/04/corporate-holiday-gifting-while-supporting-autism-community.jpg]
[www.rethinkbehavioralhealth.com/wp-content/uploads/2021/11/best-practices-implementing-rethink-video-checklist-learning-community.png]
[www.rethinkbehavioralhealth.com/resource-topic/tips-tools-tech/index.html]
[www.rethinkbehavioralhealth.com/wp-content/uploads/elementor/css/post-2213060e6.css]
[www.rethinkbehavioralhealth.com/indexd508.html]
[www.rethinkbehavioralhealth.com/resource-topic/tips-tools-tech/page/2/index.html]
[www.rethinkbehavioralhealth.com/resources/corporate-holiday-gifting-while-supporting-autism-community/index.html]
[www.rethinkbehavioralhealth.com/wp-json/wp/v2/resource-topic/354.json]
[www.rethinkbehavioralhealth.com/wp-content/uploads/2021/01/how-rethink-is-addressing-2022-ethics-code-changes.jpg]
[www.rethinkbehavioralhealth.com/resource-topic/parenting/feed/index.html]
[www.rethinkbehavioralhealth.com/resources/how-rethink-is-addressing-2022-ethics-code-changes/index.html]
[www.rethinkbehavioralhealth.com/resources/navigating-insurance-unlocking-the-denials-appeals-process/index.html]
[www.rethinkbehavioralhealth.com/wp-content/uploads/2018/04/navigating-insurance-unlocking-denials-appeals-process.jpg]
[www.rethinkbehavioralhealth.com/resource-topic/parenting/index.html]
[www.rethinkbehavioralhealth.com/wp-content/uploads/elementor/css/post-9198ca4c.css]
[www.rethinkbehavioralhealth.com/wp-json/wp/v2/resources/9198.json]
[www.rethinkbehavioralhealth.com/wp-json/oembed/1.0/embedc026.json]
[www.rethinkbehavioralhealth.com/wp-json/oembed/1.0/embed715f]
[www.rethinkbehavioralhealth.com/wp-content/uploads/2022/03/dr-kate-fiske-phd-bcba-d.jpg]
[www.rethinkbehavioralhealth.com/resources/power-compassion-supporting-families-children-asd/index.html]
[www.rethinkbehavioralhealth.com/indexda8c.html]
[www.rethinkbehavioralhealth.com/resource-topic/diversity-equity/index.html]
[www.rethinkbehavioralhealth.com/wp-json/wp/v2/resource-topic/325.json]
[www.rethinkbehavioralhealth.com/resource-topic/diversity-equity/feed/index.html]
[www.rethinkbehavioralhealth.com/resource-topic/professional-development/index.html]
[www.rethinkbehavioralhealth.com/wp-json/wp/v2/resource-topic/394.json]
[www.rethinkbehavioralhealth.com/resource-topic/professional-development/feed/index.html]
[www.rethinkbehavioralhealth.com/wp-json/wp/v2/resource-topic/230.json]
[www.rethinkbehavioralhealth.com/resource-topic/research/feed/index.html]
[www.rethinkbehavioralhealth.com/wp-content/uploads/2020/06/rethink-ing-telehealth-stories-from-the-front-line-video-rethinkbh-webinar.png]
[www.rethinkbehavioralhealth.com/resource-topic/research/index.html]
[www.rethinkbehavioralhealth.com/wp-content/uploads/elementor/css/post-8571f02a.css]
[www.rethinkbehavioralhealth.com/indexa833.html]
[www.rethinkbehavioralhealth.com/wp-content/themes/hello-elementor/assets/css/themeedb1.css]
[www.rethinkbehavioralhealth.com/wp-content/plugins/jet-menu/integration/themes/hello-elementor/assets/css/stylee334.css]
[www.rethinkbehavioralhealth.com/wp-content/plugins/jet-engine/assets/css/frontend3430.css]
[www.rethinkbehavioralhealth.com/wp-content/themes/hello-elementor/assets/css/resetedb1.css]
[www.rethinkbehavioralhealth.com/wp-content/themes/hello-elementor/assets/css/header-footeredb1.css]
[www.rethinkbehavioralhealth.com/wp-content/plugins/jet-menu/assets/public/css/publice334.css]
[www.rethinkbehavioralhealth.com/wp-content/plugins/jet-popup/assets/css/jet-popup-frontend1ad2.css]
[www.rethinkbehavioralhealth.com/wp-content/plugins/elementor/assets/lib/eicons/css/elementor-icons.mine085.css]
[www.rethinkbehavioralhealth.com/wp-content/plugins/jet-tabs/assets/css/jet-tabs-frontend8ce6.css]
[www.rethinkbehavioralhealth.com/wp-content/plugins/elementor/assets/lib/font-awesome/css/all.min5759.css]
[www.rethinkbehavioralhealth.com/wp-content/uploads/elementor/css/post-3701c.css]
[www.rethinkbehavioralhealth.com/wp-content/uploads/elementor/google-fonts/fonts/opensans-memtyags126mizpba-ufuicvxscekx2cmqvxlwqwvu6f15m.woff2]
[www.rethinkbehavioralhealth.com/resources/rethink-ing-telehealth-stories-from-the-front-line-video/index.html]
[www.rethinkbehavioralhealth.com/wp-content/uploads/elementor/google-fonts/fonts/opensans-memtyags126mizpba-ufuicvxscekx2cmqvxlwqwtu6f15m.woff2]
[www.rethinkbehavioralhealth.com/wp-content/uploads/elementor/google-fonts/fonts/opensans-memtyags126mizpba-ufuicvxscekx2cmqvxlwqwuk6f15m.woff2]
[www.rethinkbehavioralhealth.com/wp-content/uploads/elementor/google-fonts/fonts/opensans-memtyags126mizpba-ufuicvxscekx2cmqvxlwqwu06f15m.woff2]
[www.rethinkbehavioralhealth.com/wp-content/uploads/elementor/google-fonts/fonts/opensans-memtyags126mizpba-ufuicvxscekx2cmqvxlwqwxu6f15m.woff2]
[www.rethinkbehavioralhealth.com/wp-content/uploads/elementor/google-fonts/fonts/opensans-memtyags126mizpba-ufuicvxscekx2cmqvxlwqw106f15m.woff2]
[www.rethinkbehavioralhealth.com/wp-content/uploads/elementor/google-fonts/fonts/opensans-memtyags126mizpba-ufuicvxscekx2cmqvxlwqwtk6f15m.woff2]
[www.rethinkbehavioralhealth.com/wp-content/uploads/elementor/google-fonts/fonts/opensans-memtyags126mizpba-ufuicvxscekx2cmqvxlwqwt06f15m.woff2]
[www.rethinkbehavioralhealth.com/wp-content/uploads/elementor/google-fonts/fonts/opensans-memtyags126mizpba-ufuicvxscekx2cmqvxlwqwuu6f.woff2]
[www.rethinkbehavioralhealth.com/wp-content/uploads/elementor/google-fonts/fonts/opensans-memvyags126mizpba-uvwbx2vvnxbbobj2ovtskmu1ab.woff2]
[www.rethinkbehavioralhealth.com/wp-content/uploads/elementor/google-fonts/fonts/opensans-memvyags126mizpba-uvwbx2vvnxbbobj2ovtsumu1ab.woff2]
[www.rethinkbehavioralhealth.com/wp-content/uploads/elementor/google-fonts/fonts/opensans-memvyags126mizpba-uvwbx2vvnxbbobj2ovtsomu1ab.woff2]
[www.rethinkbehavioralhealth.com/wp-content/uploads/elementor/google-fonts/fonts/opensans-memvyags126mizpba-uvwbx2vvnxbbobj2ovtsymu1ab.woff2]
[www.rethinkbehavioralhealth.com/wp-content/uploads/elementor/google-fonts/fonts/opensans-memvyags126mizpba-uvwbx2vvnxbbobj2ovts2mu1ab.woff2]
[www.rethinkbehavioralhealth.com/wp-content/uploads/elementor/google-fonts/fonts/opensans-memvyags126mizpba-uvwbx2vvnxbbobj2ovtvomu1ab.woff2]
[www.rethinkbehavioralhealth.com/wp-content/uploads/elementor/google-fonts/fonts/opensans-memvyags126mizpba-uvwbx2vvnxbbobj2ovtugmu1ab.woff2]
[www.rethinkbehavioralhealth.com/wp-content/uploads/elementor/google-fonts/fonts/opensans-memvyags126mizpba-uvwbx2vvnxbbobj2ovtscmu1ab.woff2]
[www.rethinkbehavioralhealth.com/wp-content/uploads/elementor/google-fonts/fonts/opensans-memvyags126mizpba-uvwbx2vvnxbbobj2ovtsgmu1ab.woff2]
[www.rethinkbehavioralhealth.com/wp-content/uploads/elementor/google-fonts/fonts/opensans-memvyags126mizpba-uvwbx2vvnxbbobj2ovts-muw.woff2]
[www.rethinkbehavioralhealth.com/wp-content/uploads/elementor/google-fonts/css/opensansd879.css]
[www.rethinkbehavioralhealth.com/wp-content/plugins/elementor/assets/lib/font-awesome/css/solid.min52d5.css]
[www.rethinkbehavioralhealth.com/wp-content/plugins/elementor/assets/lib/font-awesome/css/brands.min52d5.css]
[www.rethinkbehavioralhealth.com/index2207.html]
[www.rethinkbehavioralhealth.com/cdn-cgi/l/email-protection.html]
[www.rethinkbehavioralhealth.com/wp-content/plugins/jet-elements/assets/css/jet-elementsbb9d.css]
[www.rethinkbehavioralhealth.com/wp-content/uploads/2022/03/rethinkbh-logo-bg.svg]
[www.rethinkbehavioralhealth.com/wp-content/uploads/elementor/css/post-8588f862.css]
[www.rethinkbehavioralhealth.com/index4cd9.html]
[www.rethinkbehavioralhealth.com/wp-content/uploads/2023/09/form-waves.svg]
[www.rethinkbehavioralhealth.com/wp-content/uploads/elementor/css/post-147309e8f.css]
[www.rethinkbehavioralhealth.com/index5dc8.html]
[www.rethinkbehavioralhealth.com/wp-content/uploads/elementor/css/post-9208cfd4.css]
[www.rethinkbehavioralhealth.com/index036d.html]
[www.rethinkbehavioralhealth.com/resource-topic/assessment/feed/index.html]
[www.rethinkbehavioralhealth.com/resource-topic/assessment/index.html]
[www.rethinkbehavioralhealth.com/wp-json/wp/v2/resource-topic/328.json]
[www.rethinkbehavioralhealth.com/wp-json/wp/v2/resource-topic/74.json]
[www.rethinkbehavioralhealth.com/resource-topic/insurance/feed/index.html]
[www.rethinkbehavioralhealth.com/wp-content/uploads/2020/07/best-practices-navigating-contracting-credentialing-process-rethinkbh.png]
[www.rethinkbehavioralhealth.com/resources/best-practices-navigating-the-contracting-credentialing-process-video/index.html]
[www.rethinkbehavioralhealth.com/wp-content/uploads/2020/06/returning-to-work-conversation-to-resume-regular-operations.png]
[www.rethinkbehavioralhealth.com/wp-content/uploads/2018/04/aba-mobile-workforce-managing-risk-employee-drivers.jpg]
[www.rethinkbehavioralhealth.com/wp-content/uploads/2017/10/affordable-care-act-how-it-affects-your-business.jpg]
[www.rethinkbehavioralhealth.com/wp-content/uploads/2017/02/best-practices-insurance-contracting-for-abas-rethinkbh.jpg]
[www.rethinkbehavioralhealth.com/resources/webinar-affordable-care-act-how-it-affects-your-business/index.html]
[www.rethinkbehavioralhealth.com/wp-content/uploads/2017/02/advanced-commercial-insurance-overview-rethinkbh-1.jpg]
[www.rethinkbehavioralhealth.com/resource-topic/insurance/index.html]
[www.rethinkbehavioralhealth.com/resources/join-our-february-webinar-advanced-commercial-insurance-overview/index.html]
[www.rethinkbehavioralhealth.com/resources/best-practices-in-insurance-contracting/index.html]
[www.rethinkbehavioralhealth.com/resource-topic/medical-necessity/index.html]
[www.rethinkbehavioralhealth.com/resource-topic/medical-necessity/feed/index.html]
[www.rethinkbehavioralhealth.com/wp-json/wp/v2/resource-topic/75.json]
[www.rethinkbehavioralhealth.com/wp-json/wp/v2/resources/9214.json]
[www.rethinkbehavioralhealth.com/wp-json/oembed/1.0/embed0bd1.json]
[www.rethinkbehavioralhealth.com/wp-json/oembed/1.0/embede278]
[www.rethinkbehavioralhealth.com/wp-content/uploads/2024/10/daniel-law.jpg]
[www.rethinkbehavioralhealth.com/resources/aba-mobile-workforce-managing-risk-employee-drivers/index.html]
[www.rethinkbehavioralhealth.com/wp-content/plugins/elementor/assets/lib/animations/styles/e-animation-shrink.min5759.css]
[www.rethinkbehavioralhealth.com/wp-content/uploads/elementor/css/post-14768cb2d.css]
[www.rethinkbehavioralhealth.com/authors/daniel-law/index.html]
[www.rethinkbehavioralhealth.com/wp-json/wp/v2/authors/22110.json]
[www.rethinkbehavioralhealth.com/wp-json/oembed/1.0/embed1c43.json]
[www.rethinkbehavioralhealth.com/authors/sarah-schmitz/index.html]
[www.rethinkbehavioralhealth.com/index5935.html]
[www.rethinkbehavioralhealth.com/wp-json/oembed/1.0/embed82c1]
[www.rethinkbehavioralhealth.com/wp-json/wp/v2/authors/18489.json]
[www.rethinkbehavioralhealth.com/wp-json/oembed/1.0/embedb95a.json]
[www.rethinkbehavioralhealth.com/authors/joe-burton/index.html]
[www.rethinkbehavioralhealth.com/wp-content/uploads/elementor/css/post-9178d1f3.css]
[www.rethinkbehavioralhealth.com/index3598.html]
[www.rethinkbehavioralhealth.com/wp-json/oembed/1.0/embede595]
[www.rethinkbehavioralhealth.com/wp-json/wp/v2/authors/18500.json]
[www.rethinkbehavioralhealth.com/wp-json/oembed/1.0/embedb0f4.json]
[www.rethinkbehavioralhealth.com/authors/dawn-mackey/index.html]
[www.rethinkbehavioralhealth.com/indexccde.html]
[www.rethinkbehavioralhealth.com/wp-json/oembed/1.0/embedef64]
[www.rethinkbehavioralhealth.com/wp-json/wp/v2/resources/9200.json]
[www.rethinkbehavioralhealth.com/wp-json/oembed/1.0/embed52f1.json]
[www.rethinkbehavioralhealth.com/resources/liability-insurance-basics-current-claim-trends-in-aba-therapy/index.html]
[www.rethinkbehavioralhealth.com/wp-json/oembed/1.0/embed9a71]
[www.rethinkbehavioralhealth.com/resource-topic/community/index.html]
[www.rethinkbehavioralhealth.com/wp-json/wp/v2/resources/13934.json]
[www.rethinkbehavioralhealth.com/wp-json/oembed/1.0/embed0cba.json]
[www.rethinkbehavioralhealth.com/wp-json/oembed/1.0/embedead7]
[www.rethinkbehavioralhealth.com/wp-content/uploads/2022/10/tom-hill-insurance-agent.jpg]
[www.rethinkbehavioralhealth.com/resources/5-cyber-threats-therapy-practices/index.html]
[www.rethinkbehavioralhealth.com/resources/empowering-healthcare-with-technology-healthcare-tech-outlook/index.html]
[www.rethinkbehavioralhealth.com/wp-json/wp/v2/authors/18505.json]
[www.rethinkbehavioralhealth.com/authors/tom-hill/index.html]
[www.rethinkbehavioralhealth.com/wp-json/oembed/1.0/embed0c57.json]
[www.rethinkbehavioralhealth.com/authors/jacob-kiley/index.html]
[www.rethinkbehavioralhealth.com/index99d5.html]
[www.rethinkbehavioralhealth.com/wp-json/oembed/1.0/embed0462]
[www.rethinkbehavioralhealth.com/wp-json/wp/v2/authors/16294.json]
[www.rethinkbehavioralhealth.com/wp-json/oembed/1.0/embede58b.json]
[www.rethinkbehavioralhealth.com/wp-json/oembed/1.0/embed4a1d]
[www.rethinkbehavioralhealth.com/wp-content/uploads/2022/04/mother-child-telehealth-assessment.jpg]
[www.rethinkbehavioralhealth.com/resources/the-shift-to-telehealth-remote-skill-assessments/index.html]
[www.rethinkbehavioralhealth.com/resources/aba-therapy-telehealth-faqs-their-answers/index.html]
[www.rethinkbehavioralhealth.com/wp-content/uploads/2020/08/aba-therapy-telehealth-faqs-their-answers.png]
[www.rethinkbehavioralhealth.com/authors/erin-mayberry/index.html]
[www.rethinkbehavioralhealth.com/wp-content/uploads/elementor/css/post-1465757bf.css]
[www.rethinkbehavioralhealth.com/indexdb58.html]
[www.rethinkbehavioralhealth.com/index2ce2.html]
[www.rethinkbehavioralhealth.com/wp-content/uploads/2022/04/cleaning-workspace-following-covid-19.jpg]
[www.rethinkbehavioralhealth.com/wp-json/wp/v2/resources/9259.json]
[www.rethinkbehavioralhealth.com/wp-json/oembed/1.0/embede384.json]
[www.rethinkbehavioralhealth.com/wp-json/oembed/1.0/embed3dd1]
[www.rethinkbehavioralhealth.com/wp-content/uploads/2022/07/Rethink-COVID-19-Return-to-Work-Bundle.zip]
[www.rethinkbehavioralhealth.com/wp-content/uploads/2022/07/Reopening-america-workers-at-risk.pdf]
[www.rethinkbehavioralhealth.com/wp-content/uploads/2022/07/Reopening_America_Guidance.pdf]
[www.rethinkbehavioralhealth.com/wp-content/uploads/2022/07/ReOpening_America_Cleaning_Disinfection_Decision_Tool.pdf]
[www.rethinkbehavioralhealth.com/wp-content/uploads/2022/07/5-steps-to-reopen-your-workplace.pdf]
[www.rethinkbehavioralhealth.com/wp-content/uploads/2022/07/OSHA-Preparing-Workplaces-for-COVID-19.pdf]
[www.rethinkbehavioralhealth.com/wp-content/uploads/2022/07/Get-Your-Health-Clinic-Ready.pdf]
[www.rethinkbehavioralhealth.com/wp-content/uploads/2022/07/Medical_Office_Preparedness_Planner.pdf]
[www.rethinkbehavioralhealth.com/wp-content/uploads/2022/07/NFPAFactSheet.pdf]
[www.rethinkbehavioralhealth.com/wp-content/uploads/2022/07/Vehicle-Cleanliness.pdf]
[www.rethinkbehavioralhealth.com/resources/covid-19-return-to-work-resources-for-aba-practitioners/index.html]
[www.rethinkbehavioralhealth.com/wp-content/uploads/elementor/css/post-154719e8f.css]
[www.rethinkbehavioralhealth.com/indexe148.html]
[www.rethinkbehavioralhealth.com/wp-json/wp/v2/authors/17625.json]
[www.rethinkbehavioralhealth.com/wp-json/oembed/1.0/embed3185.json]
[www.rethinkbehavioralhealth.com/wp-json/oembed/1.0/embed355f]
[www.rethinkbehavioralhealth.com/wp-content/uploads/2020/04/maximizing-parent-participation-during-telehealth-services-rethinkbh-webinar.png]
[www.rethinkbehavioralhealth.com/authors/dr-bridget-taylor-psyd-bcbad/index.html]
[www.rethinkbehavioralhealth.com/wp-content/uploads/elementor/css/post-15455752f.css]
[www.rethinkbehavioralhealth.com/index9b0c.html]
[www.rethinkbehavioralhealth.com/wp-content/uploads/elementor/css/post-91809e1e.css]
[www.rethinkbehavioralhealth.com/wp-json/wp/v2/resources/9180.json]
[www.rethinkbehavioralhealth.com/resources/maximizing-parent-participation-during-telehealth-services-video/index.html]
[www.rethinkbehavioralhealth.com/wp-json/oembed/1.0/embed0b62.json]
[www.rethinkbehavioralhealth.com/wp-json/oembed/1.0/embed94b0]
[www.rethinkbehavioralhealth.com/wp-content/uploads/2024/10/485-MTE0ODg2OQ_teaching-safety-skills-to-individuals-autism_thumbnail.jpg]
[www.rethinkbehavioralhealth.com/resources/teaching-safety-skills-to-individuals-with-autism-webinar/index.html]
[www.rethinkbehavioralhealth.com/wp-content/uploads/elementor/css/post-137959e8f.css]
[www.rethinkbehavioralhealth.com/wp-json/wp/v2/resources/13795.json]
[www.rethinkbehavioralhealth.com/wp-json/oembed/1.0/embedf9bd.json]
[www.rethinkbehavioralhealth.com/resources/top-five-tips-effective-supervision/index.html]
[www.rethinkbehavioralhealth.com/wp-json/oembed/1.0/embedfc0b]
[www.rethinkbehavioralhealth.com/wp-json/wp/v2/resources/9174.json]
[www.rethinkbehavioralhealth.com/wp-json/oembed/1.0/embed42e3.json]
[www.rethinkbehavioralhealth.com/resources/enhancing-collaboration-during-parent-training/index.html]
[www.rethinkbehavioralhealth.com/indexe658.html]
[www.rethinkbehavioralhealth.com/wp-json/oembed/1.0/embed0b74]
[www.rethinkbehavioralhealth.com/wp-json/wp/v2/resources/9290.json]
[www.rethinkbehavioralhealth.com/wp-json/oembed/1.0/embed9aaa.json]
[www.rethinkbehavioralhealth.com/resources/rethink-announces-first-ever-protocol-to-ensure-children-with-autism-get-the-right-level-of-treatment/index.html]
[www.rethinkbehavioralhealth.com/wp-json/oembed/1.0/embed37a0]
[www.rethinkbehavioralhealth.com/wp-content/uploads/elementor/css/post-9186b3cd.css]
[www.rethinkbehavioralhealth.com/wp-json/wp/v2/resources/9186.json]
[www.rethinkbehavioralhealth.com/wp-json/oembed/1.0/embed7f7f.json]
[www.rethinkbehavioralhealth.com/wp-json/oembed/1.0/embedcd0c]
[www.rethinkbehavioralhealth.com/wp-content/uploads/2024/10/485-MTE4ODkzOA_2022-rethink-vb-mapp-webinar_thumbnail.jpg]
[www.rethinkbehavioralhealth.com/wp-content/uploads/2021/11/carl-sundberg-phd-bcba-d-chief-clinician-co-founder-behavior-analysis-center-autism.jpg]
[www.rethinkbehavioralhealth.com/resources/unlocking-the-vb-mapp-expert-tips-insights-video/index.html]
[www.rethinkbehavioralhealth.com/wp-content/uploads/elementor/css/post-92313567.css]
[www.rethinkbehavioralhealth.com/indexd6ba.html]
[www.rethinkbehavioralhealth.com/authors/carl-sundberg-phd-bcbad/index.html]
[www.rethinkbehavioralhealth.com/wp-json/wp/v2/authors/18113.json]
[www.rethinkbehavioralhealth.com/wp-json/oembed/1.0/embedd1f8.json]
[www.rethinkbehavioralhealth.com/authors/dr-diana-davis-wilson/index.html]
[www.rethinkbehavioralhealth.com/indexb1b0.html]
[www.rethinkbehavioralhealth.com/wp-content/uploads/elementor/css/post-9317752f.css]
[www.rethinkbehavioralhealth.com/index2dc8.html]
[www.rethinkbehavioralhealth.com/wp-json/oembed/1.0/embed00d8]
[www.rethinkbehavioralhealth.com/wp-content/uploads/elementor/css/post-916623f6.css]
[www.rethinkbehavioralhealth.com/wp-json/wp/v2/resources/9166.json]
[www.rethinkbehavioralhealth.com/wp-json/oembed/1.0/embeddc48.json]
[www.rethinkbehavioralhealth.com/wp-json/oembed/1.0/embed08f9]
[www.rethinkbehavioralhealth.com/wp-content/uploads/2020/11/chad-wiggins-pulseone.jpg]
[www.rethinkbehavioralhealth.com/wp-content/uploads/2020/11/paul-freeman-pulseone.jpg]
[www.rethinkbehavioralhealth.com/resources/using-technology-to-boost-efficiency-profitability-of-your-behavioral-health-practice-webinar/index.html]
[www.rethinkbehavioralhealth.com/wp-content/uploads/elementor/css/post-93151279.css]
[www.rethinkbehavioralhealth.com/indexa829.html]
[www.rethinkbehavioralhealth.com/wp-content/uploads/elementor/css/post-93118004.css]
[www.rethinkbehavioralhealth.com/wp-json/wp/v2/resources/9311.json]
[www.rethinkbehavioralhealth.com/wp-json/oembed/1.0/embedf1c5.json]
[www.rethinkbehavioralhealth.com/wp-json/oembed/1.0/embed785d]
[www.rethinkbehavioralhealth.com/wp-content/uploads/2024/10/485-MTE5Njg2NQ_best-practice-guidelines-clinical-implementation_thumbnail.jpg]
[www.rethinkbehavioralhealth.com/wp-content/uploads/2022/07/clinical-implementation-best-practices-flyer-rethinkbh.pdf]
[www.rethinkbehavioralhealth.com/wp-content/uploads/2024/09/kaitlyn-taylor-ma-bcba-professional-services-implementation-manager-rethinkfirst.jpg]
[www.rethinkbehavioralhealth.com/resources/best-practice-guidelines-for-clinical-implementation-video-and-pdf/index.html]
[www.rethinkbehavioralhealth.com/wp-json/wp/v2/authors/18068.json]
[www.rethinkbehavioralhealth.com/authors/kaitlyn-taylor-ma-bcba/index.html]
[www.rethinkbehavioralhealth.com/wp-json/oembed/1.0/embed3372.json]
[www.rethinkbehavioralhealth.com/authors/stefanie-mccully/index.html]
[www.rethinkbehavioralhealth.com/wp-content/uploads/elementor/css/post-92571647.css]
[www.rethinkbehavioralhealth.com/index5e85.html]
[www.rethinkbehavioralhealth.com/wp-json/oembed/1.0/embed6203]
[www.rethinkbehavioralhealth.com/wp-content/uploads/2021/01/parent-caregiver-engagement-evolution-best-practices-today.jpg]
[www.rethinkbehavioralhealth.com/resources/parent-caregiver-engagement-the-evolution-best-practices-for-today/index.html]
[www.rethinkbehavioralhealth.com/wp-content/uploads/elementor/css/post-918482dd.css]
[www.rethinkbehavioralhealth.com/indexea4c.html]
[www.rethinkbehavioralhealth.com/wp-json/wp/v2/resources/9298.json]
[www.rethinkbehavioralhealth.com/wp-json/oembed/1.0/embed68fd.json]
[www.rethinkbehavioralhealth.com/wp-json/oembed/1.0/embedf77a]
[www.rethinkbehavioralhealth.com/wp-content/uploads/2024/10/485-MTE4NDk3NA_best-practices-implementing-rethinks-behavioral-health-products_thumbnail.jpg]
[www.rethinkbehavioralhealth.com/wp-content/uploads/2022/07/best-practices-implementing-rethink-behavioral-health-products.pdf]
[www.rethinkbehavioralhealth.com/resources/best-practices-for-implementing-rethinks-behavioral-health-products/index.html]
[www.rethinkbehavioralhealth.com/wp-content/uploads/elementor/css/post-9325142c.css]
[www.rethinkbehavioralhealth.com/index3304.html]
[www.rethinkbehavioralhealth.com/wp-content/uploads/elementor/css/post-9156db10.css]
[www.rethinkbehavioralhealth.com/wp-json/wp/v2/resources/9156.json]
[www.rethinkbehavioralhealth.com/wp-json/oembed/1.0/embed3696.json]
[www.rethinkbehavioralhealth.com/wp-json/oembed/1.0/embed4990]
[www.rethinkbehavioralhealth.com/wp-content/uploads/2024/10/485-MzEwNjM4_returning-to-work-conversation-to-resume-regular-operations-june-webinar_thumbnail.jpg]
[www.rethinkbehavioralhealth.com/resources/returning-to-work-a-conversation-to-resume-regular-operations/index.html]
[www.rethinkbehavioralhealth.com/wp-content/uploads/2020/06/building-your-brand-moat-marketing-2020-beyond-webinar-rethinkbh.png]
[www.rethinkbehavioralhealth.com/wp-json/wp/v2/resources/9152.json]
[www.rethinkbehavioralhealth.com/wp-json/oembed/1.0/embed1b66.json]
[www.rethinkbehavioralhealth.com/wp-json/oembed/1.0/embedb656]
[www.rethinkbehavioralhealth.com/wp-content/uploads/2024/10/485-MzAxOTQ3_building-your-brand-moat-marketing-2020_thumbnail.jpg]
[www.rethinkbehavioralhealth.com/resources/marketing-your-aba-practice-marketing-in-2020-webinar/index.html]
[www.rethinkbehavioralhealth.com/wp-content/uploads/elementor/css/post-9319ca95.css]
[www.rethinkbehavioralhealth.com/wp-json/wp/v2/resources/9319.json]
[www.rethinkbehavioralhealth.com/wp-json/oembed/1.0/embed9781.json]
[www.rethinkbehavioralhealth.com/resources/moving-away-from-pencil-paper-documentation/index.html]
[www.rethinkbehavioralhealth.com/wp-content/uploads/elementor/css/post-2155460e6.css]
[www.rethinkbehavioralhealth.com/index96b4.html]
[www.rethinkbehavioralhealth.com/wp-content/uploads/elementor/css/post-2091060e6.css]
[www.rethinkbehavioralhealth.com/index3257.html]
[www.rethinkbehavioralhealth.com/wp-content/uploads/elementor/css/post-1872960e6.css]
[www.rethinkbehavioralhealth.com/indexa3a3.html]
[www.rethinkbehavioralhealth.com/wp-content/uploads/elementor/css/post-1839960e6.css]
[www.rethinkbehavioralhealth.com/index503a.html]
[www.rethinkbehavioralhealth.com/wp-json/oembed/1.0/embedffa0]
[www.rethinkbehavioralhealth.com/wp-json/wp/v2/resources/13960.json]
[www.rethinkbehavioralhealth.com/authors/dr-judy-sloop/index.html]
[www.rethinkbehavioralhealth.com/wp-json/oembed/1.0/embed39ab.json]
[www.rethinkbehavioralhealth.com/resources/leveraging-organizational-behavior-management-enhance-practice-observation-measurement-indicators-success/index.html]
[www.rethinkbehavioralhealth.com/wp-content/uploads/elementor/css/post-17477752f.css]
[www.rethinkbehavioralhealth.com/index4713.html]
[www.rethinkbehavioralhealth.com/wp-content/uploads/elementor/css/post-15623752f.css]
[www.rethinkbehavioralhealth.com/index170d.html]
[www.rethinkbehavioralhealth.com/indexa459.html]
[www.rethinkbehavioralhealth.com/index9d64.html]
[www.rethinkbehavioralhealth.com/wp-json/oembed/1.0/embedb836]
[www.rethinkbehavioralhealth.com/wp-content/uploads/elementor/css/post-92924ca7.css]
[www.rethinkbehavioralhealth.com/wp-json/wp/v2/resources/9292.json]
[www.rethinkbehavioralhealth.com/authors/nick-green-phd-bcba/index.html]
[www.rethinkbehavioralhealth.com/wp-json/oembed/1.0/embed392a.json]
[www.rethinkbehavioralhealth.com/wp-json/oembed/1.0/embed2248]
[www.rethinkbehavioralhealth.com/wp-content/uploads/2022/06/5-Tips-to-Prepare-Kids-for-Fireworks.pdf]
[www.rethinkbehavioralhealth.com/resources/5-tips-to-prepare-kids-for-fireworks-fireworks-and-autism/index.html]
[www.rethinkbehavioralhealth.com/wp-content/uploads/elementor/css/post-15581752f.css]
[www.rethinkbehavioralhealth.com/index0e17.html]
[www.rethinkbehavioralhealth.com/resource-topic/special-education/index.html]
[www.rethinkbehavioralhealth.com/indexf696.html]
[www.rethinkbehavioralhealth.com/wp-json/wp/v2/resource-topic/356.json]
[www.rethinkbehavioralhealth.com/resource-topic/special-education/feed/index.html]
[www.rethinkbehavioralhealth.com/wp-json/wp/v2/resources/9210.json]
[www.rethinkbehavioralhealth.com/wp-json/oembed/1.0/embed46c6.json]
[www.rethinkbehavioralhealth.com/wp-json/oembed/1.0/embeda086]
[www.rethinkbehavioralhealth.com/wp-content/uploads/2023/11/kathleen-bailey-stengel-ceo-neurabilities-healthcare-former-sr-vp-aba-aveanna-healthcare.jpg]
[www.rethinkbehavioralhealth.com/resources/thinking-big-picture-promoting-quality-in-aba-services/index.html]
[www.rethinkbehavioralhealth.com/wp-content/uploads/elementor/css/post-15423752f.css]
[www.rethinkbehavioralhealth.com/index27a0.html]
[www.rethinkbehavioralhealth.com/indexb501.html]
[www.rethinkbehavioralhealth.com/wp-json/wp/v2/authors/18036.json]
[www.rethinkbehavioralhealth.com/wp-json/oembed/1.0/embed79d8.json]
[www.rethinkbehavioralhealth.com/authors/kathleen-bailey-stengel/index.html]
[www.rethinkbehavioralhealth.com/authors/dr-david-cox-phd-msb-bcbad/index.html]
[www.rethinkbehavioralhealth.com/wp-content/uploads/elementor/css/post-154189e8f.css]
[www.rethinkbehavioralhealth.com/index6e10.html]
[www.rethinkbehavioralhealth.com/indexa17f.html]
[www.rethinkbehavioralhealth.com/wp-json/oembed/1.0/embedfc48]
[www.rethinkbehavioralhealth.com/wp-json/wp/v2/authors/18531.json]
[www.rethinkbehavioralhealth.com/wp-json/oembed/1.0/embed9a5f.json]
[www.rethinkbehavioralhealth.com/authors/pete-polgar/index.html]
[www.rethinkbehavioralhealth.com/index0fe7.html]
[www.rethinkbehavioralhealth.com/wp-json/oembed/1.0/embed34d6]
[www.rethinkbehavioralhealth.com/wp-json/wp/v2/resource-topic/83.json]
[www.rethinkbehavioralhealth.com/resource-topic/industry-news/feed/index.html]
[www.rethinkbehavioralhealth.com/wp-content/uploads/2021/01/empowering-healthcare-with-technology-healthcare-tech-outlook.png]
[www.rethinkbehavioralhealth.com/resource-topic/industry-news/index.html]
[www.rethinkbehavioralhealth.com/wp-content/uploads/elementor/css/post-151609e8f.css]
[www.rethinkbehavioralhealth.com/indexbc52.html]
[www.rethinkbehavioralhealth.com/wp-content/uploads/elementor/css/post-147409e8f.css]
[www.rethinkbehavioralhealth.com/wp-json/wp/v2/resources/14740.json]
[www.rethinkbehavioralhealth.com/wp-json/oembed/1.0/embedaea2.json]
[www.rethinkbehavioralhealth.com/wp-json/oembed/1.0/embeda540]
[www.rethinkbehavioralhealth.com/wp-content/uploads/2023/01/kristen-koba-burdt-bcba-lba-cdp-director-clinical-operations-bayada.jpg]
[www.rethinkbehavioralhealth.com/resources/behavior-analysis-diversity-expanding-workforce-webinar/index.html]
[www.rethinkbehavioralhealth.com/wp-content/uploads/elementor/css/post-147369e8f.css]
[www.rethinkbehavioralhealth.com/wp-json/wp/v2/resources/14736.json]
[www.rethinkbehavioralhealth.com/wp-json/oembed/1.0/embed3e84.json]
[www.rethinkbehavioralhealth.com/wp-json/oembed/1.0/embed393d]
[www.rethinkbehavioralhealth.com/wp-content/uploads/2023/01/amy-gravino-ma-president-ascot-consulting-autism-sexuality-advocate-relationship-coach.jpg]
[www.rethinkbehavioralhealth.com/resources/sexuality-and-the-spectrum-webinar/index.html]
[www.rethinkbehavioralhealth.com/wp-content/uploads/elementor/css/post-139319e8f.css]
[www.rethinkbehavioralhealth.com/wp-json/wp/v2/resources/13931.json]
[www.rethinkbehavioralhealth.com/wp-json/oembed/1.0/embeddb3c.json]
[www.rethinkbehavioralhealth.com/wp-json/oembed/1.0/embed4572]
[www.rethinkbehavioralhealth.com/wp-content/uploads/2022/11/how-to-build-good-behavior-self-esteem-in-children-dr-schlinger.jpg]
[www.rethinkbehavioralhealth.com/wp-content/uploads/2022/09/hank-schlinger.jpg]
[www.rethinkbehavioralhealth.com/resources/how-build-good-behavior-self-esteem-children/index.html]
[www.rethinkbehavioralhealth.com/wp-content/uploads/elementor/css/post-141299e8f.css]
[www.rethinkbehavioralhealth.com/wp-json/wp/v2/resources/14129.json]
[www.rethinkbehavioralhealth.com/wp-json/oembed/1.0/embedc44a.json]
[www.rethinkbehavioralhealth.com/wp-json/oembed/1.0/embed1d29]
[www.rethinkbehavioralhealth.com/wp-content/uploads/2022/11/dr-jill-c-dardig-edd.jpg]
[www.rethinkbehavioralhealth.com/wp-content/uploads/2022/11/dr-william-l-heward-edd-bcba-d.jpg]
[www.rethinkbehavioralhealth.com/resources/our-next-guest-conversation-bridget-taylor-jill-dardig-bill-heward/index.html]
[www.rethinkbehavioralhealth.com/resources/issues-emerging-ideas-behavior-analysts-aba-business-owners/index.html]
[www.rethinkbehavioralhealth.com/wp-json/wp/v2/resources/9191.json]
[www.rethinkbehavioralhealth.com/wp-json/oembed/1.0/embededc4.json]
[www.rethinkbehavioralhealth.com/wp-json/oembed/1.0/embed2efb]
[www.rethinkbehavioralhealth.com/wp-content/uploads/2024/10/486-MTIxNTc3OA_rethink-first-acquires-total-therapy-total-aba-customer-qa_thumbnail.jpg]
[www.rethinkbehavioralhealth.com/wp-content/uploads/2023/10/jamie-pagliaro-executive-vp-chief-learning-officer.jpg]
[www.rethinkbehavioralhealth.com/resources/rethink-acquires-totaltherapy-live-qa/index.html]
[www.rethinkbehavioralhealth.com/wp-json/wp/v2/resources/9170.json]
[www.rethinkbehavioralhealth.com/authors/jamie-pagliaro/index.html]
[www.rethinkbehavioralhealth.com/wp-json/oembed/1.0/embed4330.json]
[www.rethinkbehavioralhealth.com/wp-json/oembed/1.0/embed1be0]
[www.rethinkbehavioralhealth.com/wp-content/uploads/2022/06/Multiply-Controlled-Intraverbals-Rethink-Webinar-notes-1.pdf]
[www.rethinkbehavioralhealth.com/wp-content/uploads/2023/11/judah-b-axe-phd-bcba-d-laba-professor-simmons.jpg]
[www.rethinkbehavioralhealth.com/resources/teaching-multiply-controlled-intraverbal-behavior-webinar/index.html]
[www.rethinkbehavioralhealth.com/wp-content/plugins/jet-smart-filters/assets/css/public0527.css]
[www.rethinkbehavioralhealth.com/wp-content/uploads/elementor/css/post-111789e1e.css]
[www.rethinkbehavioralhealth.com/index7498.html]
[www.rethinkbehavioralhealth.com/index3f06.html]
[www.rethinkbehavioralhealth.com/index2e79.html]
[www.rethinkbehavioralhealth.com/wp-content/uploads/elementor/css/post-17283752f.css]
[www.rethinkbehavioralhealth.com/index92cd.html]
[www.rethinkbehavioralhealth.com/wp-content/uploads/elementor/css/post-16557752f.css]
[www.rethinkbehavioralhealth.com/index6ab0.html]
[www.rethinkbehavioralhealth.com/wp-content/uploads/elementor/css/post-92784010.css]
[www.rethinkbehavioralhealth.com/authors/judah-b-axe-ph-d-bcba-d-laba/index.html]
[www.rethinkbehavioralhealth.com/wp-json/wp/v2/resources/9278.json]
[www.rethinkbehavioralhealth.com/wp-json/oembed/1.0/embed317b.json]
[www.rethinkbehavioralhealth.com/wp-json/oembed/1.0/embed84ea]
[www.rethinkbehavioralhealth.com/wp-content/uploads/2022/07/cultural-humility-from-clinical-practices-to-parent-training-rethinkbh.pdf]
[www.rethinkbehavioralhealth.com/wp-content/uploads/2023/10/angela-nelson-executive-director-clinical-services-rethinkcare-bw-1.jpg]
[www.rethinkbehavioralhealth.com/resources/cultural-humility-from-clinical-practices-to-parent-training/index.html]
[www.rethinkbehavioralhealth.com/wp-content/uploads/elementor/css/post-17915752f.css]
[www.rethinkbehavioralhealth.com/index9104.html]
[www.rethinkbehavioralhealth.com/wp-content/uploads/elementor/css/post-17907752f.css]
[www.rethinkbehavioralhealth.com/index6746.html]
[www.rethinkbehavioralhealth.com/authors/angela-nelson/index.html]
[www.rethinkbehavioralhealth.com/wp-content/uploads/elementor/css/post-9331878f.css]
[www.rethinkbehavioralhealth.com/wp-json/wp/v2/resources/9331.json]
[www.rethinkbehavioralhealth.com/wp-json/oembed/1.0/embed6b76.json]
[www.rethinkbehavioralhealth.com/resources/dont-just-be-aware-autism-acceptance-month/index.html]
[www.rethinkbehavioralhealth.com/wp-content/uploads/elementor/css/post-17899752f.css]
[www.rethinkbehavioralhealth.com/indexdd06.html]
[www.rethinkbehavioralhealth.com/wp-content/uploads/elementor/css/post-17891752f.css]
[www.rethinkbehavioralhealth.com/indexb275.html]
[www.rethinkbehavioralhealth.com/wp-content/uploads/elementor/css/post-178839e8f.css]
[www.rethinkbehavioralhealth.com/index5ded.html]
[www.rethinkbehavioralhealth.com/resources/index3e8c.html]
[www.rethinkbehavioralhealth.com/wp-content/uploads/elementor/css/post-178709e8f.css]
[www.rethinkbehavioralhealth.com/index9c97.html]
[www.rethinkbehavioralhealth.com/wp-content/uploads/elementor/css/post-3079cb2d.css]
[www.rethinkbehavioralhealth.com/index5525.html]
[www.rethinkbehavioralhealth.com/index218e.html]
[www.rethinkbehavioralhealth.com/index6d27.html]
[www.rethinkbehavioralhealth.com/indexa272.html]
[www.rethinkbehavioralhealth.com/wp-json/oembed/1.0/embed1499]
[www.rethinkbehavioralhealth.com/wp-json/wp/v2/authors/18078.json]
[www.rethinkbehavioralhealth.com/wp-json/oembed/1.0/embed8af2.json]
[www.rethinkbehavioralhealth.com/authors/brittney-kalicki-med-bcba/index.html]
[www.rethinkbehavioralhealth.com/index49c9.html]
[www.rethinkbehavioralhealth.com/index9303.html]
[www.rethinkbehavioralhealth.com/indexdd7e.html]
[www.rethinkbehavioralhealth.com/index450a.html]
[www.rethinkbehavioralhealth.com/wp-content/uploads/2022/02/form-waves.svg]
[www.rethinkbehavioralhealth.com/wp-content/uploads/2022/02/icon-quote.svg]
[www.rethinkbehavioralhealth.com/wp-content/uploads/elementor/css/post-15533b898.css]
[www.rethinkbehavioralhealth.com/wp-json/oembed/1.0/embed8b53]
[www.rethinkbehavioralhealth.com/resources/bcat-efficient-affordable-certification-path-front-line-staff/index.html]
[www.rethinkbehavioralhealth.com/wp-content/uploads/2017/03/bcat-efficient-affordable-certification-path-front-line-staff.jpg]
[www.rethinkbehavioralhealth.com/resource-topic/aba/page/2/index.html]
[www.rethinkbehavioralhealth.com/wp-content/uploads/elementor/css/post-141189e8f.css]
[www.rethinkbehavioralhealth.com/wp-json/wp/v2/resources/14118.json]
[www.rethinkbehavioralhealth.com/wp-json/oembed/1.0/embed5238.json]
[www.rethinkbehavioralhealth.com/resources/california-bill-ab-2581-less-hiring-delays-more-helping-families-mental-health-services/index.html]
[www.rethinkbehavioralhealth.com/resource-topic/autism/page/2/index.html]
[www.rethinkbehavioralhealth.com/wp-json/oembed/1.0/embedfd7d]
[www.rethinkbehavioralhealth.com/wp-json/wp/v2/resources/9296.json]
[www.rethinkbehavioralhealth.com/wp-json/oembed/1.0/embeda6d7.json]
[www.rethinkbehavioralhealth.com/wp-json/oembed/1.0/embeda3bb]
[www.rethinkbehavioralhealth.com/wp-content/uploads/2022/06/halloween-guide-children-autism-spectrum-rethinkbh.pdf]
[www.rethinkbehavioralhealth.com/resources/halloween-guide-for-children-on-the-autism-spectrum/index.html]
[www.rethinkbehavioralhealth.com/wp-content/uploads/elementor/css/post-91548a1f.css]
[www.rethinkbehavioralhealth.com/wp-json/wp/v2/resources/9154.json]
[www.rethinkbehavioralhealth.com/wp-json/oembed/1.0/embeda8cc.json]
[www.rethinkbehavioralhealth.com/wp-json/oembed/1.0/embed0127]
[www.rethinkbehavioralhealth.com/wp-content/uploads/2024/10/485-MzA0NDQ1_teaching-learners-autism-to-cooperate-wearing-masks_thumbnail.jpg]
[www.rethinkbehavioralhealth.com/wp-content/uploads/2020/06/erin-richard-white-phd-bcba-d.jpg]
[www.rethinkbehavioralhealth.com/resources/teaching-learners-with-autism-to-cooperate-with-wearing-masks-video/index.html]
[www.rethinkbehavioralhealth.com/wp-json/wp/v2/resources/9252.json]
[www.rethinkbehavioralhealth.com/wp-json/oembed/1.0/embeddc30.json]
[www.rethinkbehavioralhealth.com/wp-json/oembed/1.0/embed2146]
[www.rethinkbehavioralhealth.com/wp-content/uploads/2024/10/485-MjYyNjA1_aba-telehealth-free-resources-supporting-families-remotely_thumbnail.jpg]
[www.rethinkbehavioralhealth.com/resources/aba-telehealth-webinar-how-to-support-families-remotely/index.html]
[www.rethinkbehavioralhealth.com/wp-json/wp/v2/resources/9250.json]
[www.rethinkbehavioralhealth.com/wp-json/oembed/1.0/embed7df6.json]
[www.rethinkbehavioralhealth.com/resources/translating-medical-necessity-criteria-for-aba-providers/index.html]
[www.rethinkbehavioralhealth.com/resource-topic/behavior/page/2/index.html]
[www.rethinkbehavioralhealth.com/wp-json/oembed/1.0/embed877f]
[www.rethinkbehavioralhealth.com/wp-content/uploads/elementor/css/post-136709e8f.css]
[www.rethinkbehavioralhealth.com/resource-topic/behavior/page/3/index.html]
[www.rethinkbehavioralhealth.com/wp-json/wp/v2/resources/13670.json]
[www.rethinkbehavioralhealth.com/wp-json/oembed/1.0/embedb3c4.json]
[www.rethinkbehavioralhealth.com/wp-json/oembed/1.0/embedf94c]
[www.rethinkbehavioralhealth.com/wp-content/uploads/2022/02/daniel-etra-leaders-ceo-2020.jpg]
[www.rethinkbehavioralhealth.com/resources/key-to-successful-talent-management-behavioral-health/index.html]
[www.rethinkbehavioralhealth.com/wp-content/uploads/elementor/css/post-9323f862.css]
[www.rethinkbehavioralhealth.com/authors/daniel-etra/index.html]
[www.rethinkbehavioralhealth.com/wp-json/wp/v2/resources/9323.json]
[www.rethinkbehavioralhealth.com/wp-json/oembed/1.0/embed9cc7.json]
[www.rethinkbehavioralhealth.com/resources/easy-habits-to-build-team-culture/index.html]
[www.rethinkbehavioralhealth.com/wp-json/oembed/1.0/embed5cfa]
[www.rethinkbehavioralhealth.com/resources/increase-billable-moments-therawe-rethinkbh/index.html]
[www.rethinkbehavioralhealth.com/wp-content/uploads/2020/07/increase-billable-moments-with-therawe-now-part-of-rethinkbh.png]
[www.rethinkbehavioralhealth.com/resource-topic/business/page/2/index.html]
[www.rethinkbehavioralhealth.com/wp-content/uploads/elementor/css/post-131829e8f.css]
[www.rethinkbehavioralhealth.com/resource-topic/business/page/3/index.html]
[www.rethinkbehavioralhealth.com/wp-json/wp/v2/resources/13182.json]
[www.rethinkbehavioralhealth.com/wp-json/oembed/1.0/embed7ee3.json]
[www.rethinkbehavioralhealth.com/resources/create-a-culture-around-receiving-feedback/index.html]
[www.rethinkbehavioralhealth.com/wp-json/oembed/1.0/embed5bac]
[www.rethinkbehavioralhealth.com/wp-content/uploads/elementor/css/post-9327b07f.css]
[www.rethinkbehavioralhealth.com/wp-json/wp/v2/resources/9327.json]
[www.rethinkbehavioralhealth.com/wp-json/oembed/1.0/embedf191.json]
[www.rethinkbehavioralhealth.com/resources/using-technology-to-build-team-culture-even-remotely/index.html]
[www.rethinkbehavioralhealth.com/wp-json/oembed/1.0/embed87ab]
[www.rethinkbehavioralhealth.com/wp-content/uploads/elementor/css/post-1466062ad.css]
[www.rethinkbehavioralhealth.com/wp-json/wp/v2/resources/14660.json]
[www.rethinkbehavioralhealth.com/wp-json/oembed/1.0/embed7952.json]
[www.rethinkbehavioralhealth.com/resources/three-reasons-why-team-culture-matters/index.html]
[www.rethinkbehavioralhealth.com/wp-json/oembed/1.0/embed9629]
[www.rethinkbehavioralhealth.com/wp-json/wp/v2/resources/9164.json]
[www.rethinkbehavioralhealth.com/wp-json/oembed/1.0/embedca20.json]
[www.rethinkbehavioralhealth.com/wp-json/oembed/1.0/embedfd3c]
[www.rethinkbehavioralhealth.com/wp-content/uploads/2024/10/485-MTAzODk4Ng_evv-rethink-providers-billing-florida-medicaid_thumbnail.jpg]
[www.rethinkbehavioralhealth.com/resources/electronic-visit-verification-evv-for-billing-florida-medicaid-webinar/index.html]
[www.rethinkbehavioralhealth.com/wp-content/uploads/elementor/css/post-927664a9.css]
[www.rethinkbehavioralhealth.com/wp-json/wp/v2/resources/9276.json]
[www.rethinkbehavioralhealth.com/news-events/rethink-behavioral-health-announces-strategic-partnership-with-tellus-evv-system/index.html]
[www.rethinkbehavioralhealth.com/wp-json/oembed/1.0/embed6c3c.json]
[www.rethinkbehavioralhealth.com/resources/what-is-electronic-visit-verification-evv-why-is-it-important/index.html]
[www.rethinkbehavioralhealth.com/wp-json/oembed/1.0/embed122a]
[www.rethinkbehavioralhealth.com/wp-content/uploads/elementor/css/post-9244ffab.css]
[www.rethinkbehavioralhealth.com/wp-json/wp/v2/resources/9244.json]
[www.rethinkbehavioralhealth.com/wp-json/oembed/1.0/embed2fd3.json]
[www.rethinkbehavioralhealth.com/resources/aba-therapy-billing-services-from-rethink/index.html]
[www.rethinkbehavioralhealth.com/wp-json/oembed/1.0/embedec49]
[www.rethinkbehavioralhealth.com/wp-content/uploads/elementor/css/post-92286916.css]
[www.rethinkbehavioralhealth.com/wp-json/wp/v2/resources/9228.json]
[www.rethinkbehavioralhealth.com/wp-json/oembed/1.0/embed7c79.json]
[www.rethinkbehavioralhealth.com/wp-json/oembed/1.0/embed5ea3]
[www.rethinkbehavioralhealth.com/wp-content/uploads/2022/06/molly-ola-pinney-founder-ceo-global-autism-project.jpg]
[www.rethinkbehavioralhealth.com/resources/10-things-you-should-know-before-starting-an-aba-practice/index.html]
[www.rethinkbehavioralhealth.com/wp-content/uploads/elementor/css/post-920615c2.css]
[www.rethinkbehavioralhealth.com/resources/terminating-employees-best-practices-and-red-flags-to-consider/index.html]
[www.rethinkbehavioralhealth.com/wp-json/wp/v2/resources/9206.json]
[www.rethinkbehavioralhealth.com/authors/molly-ola-pinney/index.html]
[www.rethinkbehavioralhealth.com/wp-json/oembed/1.0/embed33e6.json]
[www.rethinkbehavioralhealth.com/resources/translating-medical-necessity-criteria-mnc-for-aba-providers-working-with-health-plans-part-2/index.html]
[www.rethinkbehavioralhealth.com/wp-json/oembed/1.0/embedc777]
[www.rethinkbehavioralhealth.com/wp-json/wp/v2/resources/9216.json]
[www.rethinkbehavioralhealth.com/wp-json/oembed/1.0/embed273e.json]
[www.rethinkbehavioralhealth.com/resources/translating-medically-necessity-criteria-mnc-for-aba-providers-working-with-health-plans/index.html]
[www.rethinkbehavioralhealth.com/wp-content/uploads/elementor/css/post-182089e8f.css]
[www.rethinkbehavioralhealth.com/index77c5.html]
[www.rethinkbehavioralhealth.com/wp-json/oembed/1.0/embed88c3]
[www.rethinkbehavioralhealth.com/resource-topic/mental-health/index.html]
[www.rethinkbehavioralhealth.com/wp-json/wp/v2/resource-topic/253.json]
[www.rethinkbehavioralhealth.com/resource-topic/mental-health/feed/index.html]
[www.rethinkbehavioralhealth.com/wp-json/wp/v2/authors/18370.json]
[www.rethinkbehavioralhealth.com/wp-json/oembed/1.0/embedc7dd.json]
[www.rethinkbehavioralhealth.com/authors/olga-goncharov-m-a-ccc-slp/index.html]
[www.rethinkbehavioralhealth.com/index60d6.html]
[www.rethinkbehavioralhealth.com/wp-content/uploads/elementor/css/post-920498d7.css]
[www.rethinkbehavioralhealth.com/indexd95a.html]
[www.rethinkbehavioralhealth.com/wp-content/uploads/elementor/css/post-93133e8d.css]
[www.rethinkbehavioralhealth.com/indexb1f4.html]
[www.rethinkbehavioralhealth.com/wp-content/uploads/elementor/css/post-9254471c.css]
[www.rethinkbehavioralhealth.com/indexb827.html]
[www.rethinkbehavioralhealth.com/wp-content/uploads/elementor/css/post-924668a6.css]
[www.rethinkbehavioralhealth.com/index62f0.html]
[www.rethinkbehavioralhealth.com/wp-json/oembed/1.0/embedd7e9]
[www.rethinkbehavioralhealth.com/wp-content/uploads/elementor/css/post-9273b417.css]
[www.rethinkbehavioralhealth.com/wp-json/wp/v2/resources/9273.json]
[www.rethinkbehavioralhealth.com/wp-json/oembed/1.0/embed441e.json]
[www.rethinkbehavioralhealth.com/wp-json/oembed/1.0/embed7d90]
[www.rethinkbehavioralhealth.com/wp-content/uploads/2023/02/enjoying-the-holidays-during-pandemic-rethinkbh-article-downloadable-asset.pdf]
[www.rethinkbehavioralhealth.com/resources/enjoying-the-holidays-during-a-pandemic/index.html]
[www.rethinkbehavioralhealth.com/resource-topic/tips-tools-tech/page/2/index.html]
[www.rethinkbehavioralhealth.com/wp-json/wp/v2/resources/9300.json]
[www.rethinkbehavioralhealth.com/wp-json/oembed/1.0/embedcfac.json]
[www.rethinkbehavioralhealth.com/resources/corporate-holiday-gifting-while-supporting-autism-community/index.html]
[www.rethinkbehavioralhealth.com/wp-json/oembed/1.0/embed1f29]
[www.rethinkbehavioralhealth.com/wp-json/wp/v2/resources/9288.json]
[www.rethinkbehavioralhealth.com/wp-json/oembed/1.0/embed948b.json]
[www.rethinkbehavioralhealth.com/resources/how-rethink-is-addressing-2022-ethics-code-changes/index.html]
[www.rethinkbehavioralhealth.com/wp-json/oembed/1.0/embedc49f]
[www.rethinkbehavioralhealth.com/wp-content/uploads/elementor/css/post-92126752.css]
[www.rethinkbehavioralhealth.com/wp-json/wp/v2/resources/9212.json]
[www.rethinkbehavioralhealth.com/wp-json/oembed/1.0/embede13d.json]
[www.rethinkbehavioralhealth.com/wp-json/oembed/1.0/embedb7c7]
[www.rethinkbehavioralhealth.com/wp-content/uploads/2024/10/emily-roche.jpg]
[www.rethinkbehavioralhealth.com/resources/navigating-insurance-unlocking-the-denials-appeals-process/index.html]
[www.rethinkbehavioralhealth.com/wp-content/uploads/elementor/css/post-9198ca4c.css]
[www.rethinkbehavioralhealth.com/index9788.html]
[www.rethinkbehavioralhealth.com/authors/emily-roche/index.html]
[www.rethinkbehavioralhealth.com/wp-json/wp/v2/resources/9150.json]
[www.rethinkbehavioralhealth.com/wp-json/oembed/1.0/embedd5ea.json]
[www.rethinkbehavioralhealth.com/wp-json/oembed/1.0/embed4aac]
[www.rethinkbehavioralhealth.com/wp-content/uploads/2024/10/485-Mjk5Mjcy_rethink-ing-telehealth-stories-from-front-line_thumbnail.jpg]
[www.rethinkbehavioralhealth.com/wp-content/uploads/2022/07/Telehealth-Appropriateness.pdf]
[www.rethinkbehavioralhealth.com/resources/rethink-ing-telehealth-stories-from-the-front-line-video/index.html]
[www.rethinkbehavioralhealth.com/wp-json/wp/v2/resources/9158.json]
[www.rethinkbehavioralhealth.com/wp-json/oembed/1.0/embedd580.json]
[www.rethinkbehavioralhealth.com/wp-json/oembed/1.0/embed804a]
[www.rethinkbehavioralhealth.com/wp-content/uploads/2024/10/485-MTAwMjIwNA_best-practices-navigating-contracting-credentialing-process_thumbnail.jpg]
[www.rethinkbehavioralhealth.com/wp-content/uploads/2023/11/monica-m-hammel-former-enrollment-manager-rethinkfirst.jpg]
[www.rethinkbehavioralhealth.com/resources/best-practices-navigating-the-contracting-credentialing-process-video/index.html]
[www.rethinkbehavioralhealth.com/authors/monica-m-hammel/index.html]
[www.rethinkbehavioralhealth.com/wp-json/wp/v2/resources/9136.json]
[www.rethinkbehavioralhealth.com/wp-json/oembed/1.0/embedd6ae.json]
[www.rethinkbehavioralhealth.com/resources/webinar-affordable-care-act-how-it-affects-your-business/index.html]
[www.rethinkbehavioralhealth.com/wp-json/oembed/1.0/embed84a4]
[www.rethinkbehavioralhealth.com/wp-json/wp/v2/resources/9226.json]
[www.rethinkbehavioralhealth.com/wp-json/oembed/1.0/embed82fd.json]
[www.rethinkbehavioralhealth.com/resources/best-practices-in-insurance-contracting/index.html]
[www.rethinkbehavioralhealth.com/wp-json/oembed/1.0/embed58c4]
[www.rethinkbehavioralhealth.com/wp-json/wp/v2/resources/9146.json]
[www.rethinkbehavioralhealth.com/wp-json/oembed/1.0/embed84be.json]
[www.rethinkbehavioralhealth.com/resources/join-our-february-webinar-advanced-commercial-insurance-overview/index.html]
[www.rethinkbehavioralhealth.com/indexaa2b.html]
[www.rethinkbehavioralhealth.com/wp-json/oembed/1.0/embedf2cb]
[www.rethinkbehavioralhealth.com/wp-json/wp/v2/authors/22124.json]
[www.rethinkbehavioralhealth.com/wp-json/oembed/1.0/embed906f.json]
[www.rethinkbehavioralhealth.com/authors/daniel-law/index.html]
[www.rethinkbehavioralhealth.com/wp-content/plugins/elementor/assets/lib/animations/styles/e-animation-shrink.min5759.css]
[www.rethinkbehavioralhealth.com/wp-content/uploads/elementor/css/post-14768cb2d.css]
[www.rethinkbehavioralhealth.com/index790b.html]
[www.rethinkbehavioralhealth.com/index781c.html]
[www.rethinkbehavioralhealth.com/index36f8.html]
[www.rethinkbehavioralhealth.com/index8b51.html]
[www.rethinkbehavioralhealth.com/wp-json/oembed/1.0/embed1d65]
[www.rethinkbehavioralhealth.com/resource-topic/community/index.html]
[www.rethinkbehavioralhealth.com/index5ee1.html]
[www.rethinkbehavioralhealth.com/wp-json/wp/v2/resource-topic/93.json]
[www.rethinkbehavioralhealth.com/resource-topic/community/feed/index.html]
[www.rethinkbehavioralhealth.com/wp-json/wp/v2/resources/9283.json]
[www.rethinkbehavioralhealth.com/wp-json/oembed/1.0/embed2f0c.json]
[www.rethinkbehavioralhealth.com/wp-json/oembed/1.0/embedb64b]
[www.rethinkbehavioralhealth.com/wp-content/uploads/2022/07/Healthcare-Tech-Outlook-Publication-Rethink.pdf]
[www.rethinkbehavioralhealth.com/resources/empowering-healthcare-with-technology-healthcare-tech-outlook/index.html]
[www.rethinkbehavioralhealth.com/wp-json/wp/v2/authors/18043.json]
[www.rethinkbehavioralhealth.com/wp-json/oembed/1.0/embed3024.json]
[www.rethinkbehavioralhealth.com/authors/tom-hill/index.html]
[www.rethinkbehavioralhealth.com/index22fd.html]
[www.rethinkbehavioralhealth.com/index787f.html]
[www.rethinkbehavioralhealth.com/wp-json/oembed/1.0/embed9151]
[www.rethinkbehavioralhealth.com/wp-json/wp/v2/resources/9271.json]
[www.rethinkbehavioralhealth.com/wp-json/oembed/1.0/embed0b83.json]
[www.rethinkbehavioralhealth.com/resources/the-shift-to-telehealth-remote-skill-assessments/index.html]
[www.rethinkbehavioralhealth.com/wp-json/oembed/1.0/embedaf55]
[www.rethinkbehavioralhealth.com/wp-json/wp/v2/resources/9267.json]
[www.rethinkbehavioralhealth.com/wp-json/oembed/1.0/embedf716.json]
[www.rethinkbehavioralhealth.com/resources/aba-therapy-telehealth-faqs-their-answers/index.html]
[www.rethinkbehavioralhealth.com/index61f0.html]
[www.rethinkbehavioralhealth.com/indexf54f.html]
[www.rethinkbehavioralhealth.com/wp-json/oembed/1.0/embed71a0]
[www.rethinkbehavioralhealth.com/wp-json/wp/v2/resources/9148.json]
[www.rethinkbehavioralhealth.com/wp-json/oembed/1.0/embedafe6.json]
[www.rethinkbehavioralhealth.com/resources/maximizing-parent-participation-during-telehealth-services-video/index.html]
[www.rethinkbehavioralhealth.com/wp-content/uploads/elementor/css/post-91809e1e.css]
[www.rethinkbehavioralhealth.com/index5e57.html]
[www.rethinkbehavioralhealth.com/wp-content/uploads/elementor/css/post-137959e8f.css]
[www.rethinkbehavioralhealth.com/index5798.html]
[www.rethinkbehavioralhealth.com/index4e1b.html]
[www.rethinkbehavioralhealth.com/index881a.html]
[www.rethinkbehavioralhealth.com/wp-content/uploads/elementor/css/post-9186b3cd.css]
[www.rethinkbehavioralhealth.com/index5d1c.html]
[www.rethinkbehavioralhealth.com/wp-json/oembed/1.0/embedfd4e]
[www.rethinkbehavioralhealth.com/wp-json/wp/v2/authors/17779.json]
[www.rethinkbehavioralhealth.com/wp-json/oembed/1.0/embedd65e.json]
[www.rethinkbehavioralhealth.com/authors/carl-sundberg-phd-bcbad/index.html]
[www.rethinkbehavioralhealth.com/indexa6b1.html]
[www.rethinkbehavioralhealth.com/wp-content/uploads/elementor/css/post-916623f6.css]
[www.rethinkbehavioralhealth.com/indexc763.html]
[www.rethinkbehavioralhealth.com/wp-content/uploads/elementor/css/post-93118004.css]
[www.rethinkbehavioralhealth.com/index7dcf.html]
[www.rethinkbehavioralhealth.com/wp-json/oembed/1.0/embed6fbc]
[www.rethinkbehavioralhealth.com/wp-json/wp/v2/authors/21664.json]
[www.rethinkbehavioralhealth.com/wp-json/oembed/1.0/embed951e.json]
[www.rethinkbehavioralhealth.com/authors/kaitlyn-taylor-ma-bcba/index.html]
[www.rethinkbehavioralhealth.com/indexf42b.html]
[www.rethinkbehavioralhealth.com/indexc0bc.html]
[www.rethinkbehavioralhealth.com/wp-content/uploads/elementor/css/post-9156db10.css]
[www.rethinkbehavioralhealth.com/index9961.html]
[www.rethinkbehavioralhealth.com/indexca3d.html]
[www.rethinkbehavioralhealth.com/wp-content/uploads/elementor/css/post-9319ca95.css]
[www.rethinkbehavioralhealth.com/index4cc2.html]
[www.rethinkbehavioralhealth.com/wp-json/oembed/1.0/embed2d49]
[www.rethinkbehavioralhealth.com/wp-json/wp/v2/authors/20664.json]
[www.rethinkbehavioralhealth.com/wp-json/oembed/1.0/embedbac1.json]
[www.rethinkbehavioralhealth.com/authors/dr-judy-sloop/index.html]
[www.rethinkbehavioralhealth.com/indexa5d2.html]
[www.rethinkbehavioralhealth.com/wp-json/oembed/1.0/embedc376]
[www.rethinkbehavioralhealth.com/wp-json/wp/v2/authors/18054.json]
[www.rethinkbehavioralhealth.com/wp-json/oembed/1.0/embeda6d1.json]
[www.rethinkbehavioralhealth.com/authors/nick-green-phd-bcba/index.html]
[www.rethinkbehavioralhealth.com/wp-content/uploads/elementor/css/post-92924ca7.css]
[www.rethinkbehavioralhealth.com/index9f18.html]
[www.rethinkbehavioralhealth.com/index8cb1.html]
[www.rethinkbehavioralhealth.com/wp-json/oembed/1.0/embed4fc7]
[www.rethinkbehavioralhealth.com/wp-json/wp/v2/authors/18550.json]
[www.rethinkbehavioralhealth.com/wp-json/oembed/1.0/embedf3ff.json]
[www.rethinkbehavioralhealth.com/authors/kathleen-bailey-stengel/index.html]
[www.rethinkbehavioralhealth.com/indexf4df.html]
[www.rethinkbehavioralhealth.com/index1e81.html]
[www.rethinkbehavioralhealth.com/wp-content/uploads/elementor/css/post-147409e8f.css]
[www.rethinkbehavioralhealth.com/index6951.html]
[www.rethinkbehavioralhealth.com/wp-content/uploads/elementor/css/post-147369e8f.css]
[www.rethinkbehavioralhealth.com/indexc9a3.html]
[www.rethinkbehavioralhealth.com/wp-content/uploads/elementor/css/post-139319e8f.css]
[www.rethinkbehavioralhealth.com/indexd5b6.html]
[www.rethinkbehavioralhealth.com/wp-content/uploads/elementor/css/post-141299e8f.css]
[www.rethinkbehavioralhealth.com/index8e02.html]
[www.rethinkbehavioralhealth.com/wp-json/oembed/1.0/embed56d2]
[www.rethinkbehavioralhealth.com/wp-content/uploads/2017/07/profession-coming-age-issues-emerging-ideas-behavior-analysts-aba-business-owners.jpg]
[www.rethinkbehavioralhealth.com/wp-json/wp/v2/resources/9140.json]
[www.rethinkbehavioralhealth.com/wp-json/oembed/1.0/embed0992.json]
[www.rethinkbehavioralhealth.com/resources/issues-emerging-ideas-behavior-analysts-aba-business-owners/index.html]
[www.rethinkbehavioralhealth.com/index385e.html]
[www.rethinkbehavioralhealth.com/wp-json/oembed/1.0/embede2db]
[www.rethinkbehavioralhealth.com/wp-json/wp/v2/authors/17581.json]
[www.rethinkbehavioralhealth.com/wp-json/oembed/1.0/embedbab7.json]
[www.rethinkbehavioralhealth.com/authors/jamie-pagliaro/index.html]
[www.rethinkbehavioralhealth.com/indexefc2.html]
[www.rethinkbehavioralhealth.com/wp-json/oembed/1.0/embedc233]
[www.rethinkbehavioralhealth.com/wp-json/wp/v2/authors/18516.json]
[www.rethinkbehavioralhealth.com/wp-json/oembed/1.0/embed54dc.json]
[www.rethinkbehavioralhealth.com/authors/judah-b-axe-ph-d-bcba-d-laba/index.html]
[www.rethinkbehavioralhealth.com/wp-content/uploads/elementor/css/post-92784010.css]
[www.rethinkbehavioralhealth.com/indexf730.html]
[www.rethinkbehavioralhealth.com/wp-json/oembed/1.0/embed9020]
[www.rethinkbehavioralhealth.com/wp-json/wp/v2/authors/17612.json]
[www.rethinkbehavioralhealth.com/wp-json/oembed/1.0/embed667c.json]
[www.rethinkbehavioralhealth.com/authors/angela-nelson/index.html]
[www.rethinkbehavioralhealth.com/wp-content/uploads/elementor/css/post-9331878f.css]
[www.rethinkbehavioralhealth.com/indexd859.html]
[www.rethinkbehavioralhealth.com/index7ec1.html]
[www.rethinkbehavioralhealth.com/wp-json/oembed/1.0/embed6ce8]
[www.rethinkbehavioralhealth.com/wp-json/wp/v2/resources/14633.json]
[www.rethinkbehavioralhealth.com/wp-json/oembed/1.0/embedc4fa.json]
[www.rethinkbehavioralhealth.com/wp-json/oembed/1.0/embed4ac1]
[www.rethinkbehavioralhealth.com/wp-content/uploads/2017/03/BICC-1.png]
[www.rethinkbehavioralhealth.com/resources/bcat-efficient-affordable-certification-path-front-line-staff/index.html]
[www.rethinkbehavioralhealth.com/wp-content/uploads/elementor/css/post-141189e8f.css]
[www.rethinkbehavioralhealth.com/index804c.html]
[www.rethinkbehavioralhealth.com/index2b16.html]
[www.rethinkbehavioralhealth.com/wp-content/uploads/elementor/css/post-91548a1f.css]
[www.rethinkbehavioralhealth.com/index09aa.html]
[www.rethinkbehavioralhealth.com/index7639.html]
[www.rethinkbehavioralhealth.com/index99ef.html]
[www.rethinkbehavioralhealth.com/resource-topic/behavior/page/3/index.html]
[www.rethinkbehavioralhealth.com/wp-content/uploads/elementor/css/post-136709e8f.css]
[www.rethinkbehavioralhealth.com/index0905.html]
[www.rethinkbehavioralhealth.com/wp-json/wp/v2/authors/18061.json]
[www.rethinkbehavioralhealth.com/wp-json/oembed/1.0/embed49ed.json]
[www.rethinkbehavioralhealth.com/authors/daniel-etra/index.html]
[www.rethinkbehavioralhealth.com/wp-content/uploads/elementor/css/post-9323f862.css]
[www.rethinkbehavioralhealth.com/indexea0e.html]
[www.rethinkbehavioralhealth.com/wp-json/oembed/1.0/embedad42]
[www.rethinkbehavioralhealth.com/wp-content/uploads/2017/11/terminating-employees-best-practices-red-flags-consider.jpg]
[www.rethinkbehavioralhealth.com/wp-content/uploads/2017/09/webinar-terminating-employees-best-practices-red-flags-consider.jpg]
[www.rethinkbehavioralhealth.com/resource-topic/business/page/3/index.html]
[www.rethinkbehavioralhealth.com/resources/webinar-terminating-employees-best-practices-and-red-flags-to-consider/index.html]
[www.rethinkbehavioralhealth.com/wp-json/wp/v2/resources/9263.json]
[www.rethinkbehavioralhealth.com/wp-json/oembed/1.0/embed005c.json]
[www.rethinkbehavioralhealth.com/resources/increase-billable-moments-therawe-rethinkbh/index.html]
[www.rethinkbehavioralhealth.com/wp-content/uploads/elementor/css/post-131829e8f.css]
[www.rethinkbehavioralhealth.com/indexae49.html]
[www.rethinkbehavioralhealth.com/wp-content/uploads/elementor/css/post-9327b07f.css]
[www.rethinkbehavioralhealth.com/index1ef9.html]
[www.rethinkbehavioralhealth.com/wp-content/uploads/elementor/css/post-1466062ad.css]
[www.rethinkbehavioralhealth.com/indexa3fc.html]
[www.rethinkbehavioralhealth.com/index9742.html]
[www.rethinkbehavioralhealth.com/wp-json/oembed/1.0/embed7ac5]
[www.rethinkbehavioralhealth.com/wp-json/wp/v2/news/15547.json]
[www.rethinkbehavioralhealth.com/wp-json/oembed/1.0/embed33bf.json]
[www.rethinkbehavioralhealth.com/wp-json/oembed/1.0/embed231b]
[www.rethinkbehavioralhealth.com/wp-content/uploads/2020/12/rethinkbh-announces-strategic-partnership-with-tellus-evv-system.png]
[www.rethinkbehavioralhealth.com/news-events/rethink-behavioral-health-announces-strategic-partnership-with-tellus-evv-system/index.html]
[www.rethinkbehavioralhealth.com/wp-content/uploads/elementor/css/post-927664a9.css]
[www.rethinkbehavioralhealth.com/index288c.html]
[www.rethinkbehavioralhealth.com/wp-content/uploads/elementor/css/post-9244ffab.css]
[www.rethinkbehavioralhealth.com/index820f.html]
[www.rethinkbehavioralhealth.com/wp-content/uploads/elementor/css/post-92286916.css]
[www.rethinkbehavioralhealth.com/indexcbd1.html]
[www.rethinkbehavioralhealth.com/wp-json/wp/v2/resources/9218.json]
[www.rethinkbehavioralhealth.com/wp-json/oembed/1.0/embedf9e1.json]
[www.rethinkbehavioralhealth.com/resources/terminating-employees-best-practices-and-red-flags-to-consider/index.html]
[www.rethinkbehavioralhealth.com/wp-json/oembed/1.0/embedcdd0]
[www.rethinkbehavioralhealth.com/wp-json/wp/v2/authors/18381.json]
[www.rethinkbehavioralhealth.com/wp-json/oembed/1.0/embed8dec.json]
[www.rethinkbehavioralhealth.com/authors/molly-ola-pinney/index.html]
[www.rethinkbehavioralhealth.com/wp-content/uploads/elementor/css/post-920615c2.css]
[www.rethinkbehavioralhealth.com/indexe436.html]
[www.rethinkbehavioralhealth.com/indexf0ab.html]
[www.rethinkbehavioralhealth.com/index2e32.html]
[www.rethinkbehavioralhealth.com/wp-content/uploads/elementor/css/post-9273b417.css]
[www.rethinkbehavioralhealth.com/indexd4c1.html]
[www.rethinkbehavioralhealth.com/indexe4e0.html]
[www.rethinkbehavioralhealth.com/indexd125.html]
[www.rethinkbehavioralhealth.com/wp-content/uploads/elementor/css/post-92126752.css]
[www.rethinkbehavioralhealth.com/index1fb1.html]
[www.rethinkbehavioralhealth.com/wp-json/oembed/1.0/embed6f62]
[www.rethinkbehavioralhealth.com/wp-json/wp/v2/authors/22115.json]
[www.rethinkbehavioralhealth.com/wp-json/oembed/1.0/embed3f31.json]
[www.rethinkbehavioralhealth.com/authors/emily-roche/index.html]
[www.rethinkbehavioralhealth.com/index09ae.html]
[www.rethinkbehavioralhealth.com/index453e.html]
[www.rethinkbehavioralhealth.com/wp-json/oembed/1.0/embeda637]
[www.rethinkbehavioralhealth.com/wp-json/wp/v2/authors/18536.json]
[www.rethinkbehavioralhealth.com/wp-json/oembed/1.0/embede78d.json]
[www.rethinkbehavioralhealth.com/authors/monica-m-hammel/index.html]
[www.rethinkbehavioralhealth.com/indexec4b.html]
[www.rethinkbehavioralhealth.com/index273c.html]
[www.rethinkbehavioralhealth.com/index6547.html]
[www.rethinkbehavioralhealth.com/index48a9.html]
[www.rethinkbehavioralhealth.com/index8f08.html]
[www.rethinkbehavioralhealth.com/indexa062.html]
[www.rethinkbehavioralhealth.com/index317c.html]
[www.rethinkbehavioralhealth.com/index2e3b.html]
[www.rethinkbehavioralhealth.com/indexe636.html]
[www.rethinkbehavioralhealth.com/index13fe.html]
[www.rethinkbehavioralhealth.com/indexb403.html]
[www.rethinkbehavioralhealth.com/index7619.html]
[www.rethinkbehavioralhealth.com/index4950.html]
[www.rethinkbehavioralhealth.com/index742d.html]
[www.rethinkbehavioralhealth.com/indexf3dc.html]
[www.rethinkbehavioralhealth.com/index5ded-2.html]
[www.rethinkbehavioralhealth.com/index5282.html]
[www.rethinkbehavioralhealth.com/indexff9c.html]
[www.rethinkbehavioralhealth.com/index14e8.html]
[www.rethinkbehavioralhealth.com/index27a2.html]
[www.rethinkbehavioralhealth.com/wp-json/oembed/1.0/embed3911]
[www.rethinkbehavioralhealth.com/wp-json/wp/v2/resources/9138.json]
[www.rethinkbehavioralhealth.com/wp-json/oembed/1.0/embed4293.json]
[www.rethinkbehavioralhealth.com/resources/webinar-terminating-employees-best-practices-and-red-flags-to-consider/index.html]
[www.rethinkbehavioralhealth.com/indexb59f.html]
[www.rethinkbehavioralhealth.com/indexc100.html]
[www.rethinkbehavioralhealth.com/index6b9a.html]
[www.rethinkbehavioralhealth.com/index2382.html]
[www.rethinkbehavioralhealth.com/index9e0b.html]
[www.rethinkbehavioralhealth.com/indexc85c.html]
[www.rethinkbehavioralhealth.com/index6e10-2.html]
[www.rethinkbehavioralhealth.com/wp-json/oembed/1.0/embeda32c]
